الترتيب,الرمز,الاسم,القطاع,السعر,التغير_20يوم_%,RSI14,الدرجة,التصنيف,تجميع_ذكي,سيولة_ذكية,تشبع_بيع_وارتداد,اختراق_فني,بنية_الاتجاه,عقوبة_تصريف,أسباب_الاختيار
1,4310,مدينة المعرفة,تطوير عقاري,15.18,22.1,80.1,82.8,🚀 اختراق صاعد,27.8,20.0,5.0,20.0,10.0,0.0,📦 تدفق نقدي إيجابي مستمر (CMF≈+0.16) يدل على تجميع | 📈 مؤشر OBV في صعود مستمر خلال 20 جلسة | 💧 حجم أيام الصعود أعلى من النزول بنسبة 24.3x خلال 10 جلسات | 🔊 تسارع نشاط التداول: متوسط 5 أيام أعلى من متوسط 20 يوماً بـ3.3x | 🕯️ شمعة انعكاسية صعودية (ذيل سفلي طويل + إغلاق قوي) خلال آخر 3 جلسات | 🚀 اختراق فني: إغلاق فوق أعلى قمة لـ20 جلسة بحجم 2.7x المتوسط | 📐 ترتيب صاعد للمتوسطات: السعر > متوسط 50 > متوسط 100 يوم
2,4336,ملكية ريت,صناديق ريت,4.62,-0.2,52.6,71.5,🚀 اختراق صاعد,23.5,18.0,5.0,15.0,10.0,0.0,📦 تدفق نقدي إيجابي مستمر (CMF≈+0.43) يدل على تجميع | 📈 مؤشر OBV في صعود مستمر خلال 20 جلسة مع تماسك سعري هادئ (تجميع بصمت) | 💧 حجم أيام الصعود أعلى من النزول بنسبة 6.7x خلال 10 جلسات | 🔊 تسارع نشاط التداول: متوسط 5 أيام أعلى من متوسط 20 يوماً بـ1.6x | 🕯️ شمعة انعكاسية صعودية (ذيل سفلي طويل + إغلاق قوي) خلال آخر 3 جلسات | 👀 السهم يقترب من اختراق قمة 20 جلسة | 📊 تقاطع MACD صعودي حديث (زخم إيجابي متجدد) | 📐 ترتيب صاعد للمتوسطات: السعر > متوسط 50 > متوسط 100 يوم
3,2170,اللجين,المواد الأساسية,28.32,3.0,57.3,63.9,📦 تجميع هادئ,22.3,16.6,5.0,10.0,10.0,0.0,📈 مؤشر OBV في صعود مستمر خلال 20 جلسة مع تماسك سعري هادئ (تجميع بصمت) | 💧 حجم أيام الصعود أعلى من النزول بنسبة 3.7x خلال 10 جلسات | 🔊 تسارع نشاط التداول: متوسط 5 أيام أعلى من متوسط 20 يوماً بـ1.4x | 🕯️ شمعة انعكاسية صعودية (ذيل سفلي طويل + إغلاق قوي) خلال آخر 3 جلسات | 👀 السهم يقترب من اختراق قمة 20 جلسة | 📐 ترتيب صاعد للمتوسطات: السعر > متوسط 50 > متوسط 100 يوم
4,8250,جي آي جي,التأمين,34.0,5.6,72.1,61.6,🚀 اختراق صاعد,16.6,20.0,0.0,15.0,10.0,0.0,📦 تدفق نقدي إيجابي مستمر (CMF≈+0.22) يدل على تجميع | 💧 حجم أيام الصعود أعلى من النزول بنسبة 2.4x خلال 10 جلسات | 🔊 تسارع نشاط التداول: متوسط 5 أيام أعلى من متوسط 20 يوماً بـ2.0x | 👀 السهم يقترب من اختراق قمة 20 جلسة | 📊 تقاطع MACD صعودي حديث (زخم إيجابي متجدد) | 📐 ترتيب صاعد للمتوسطات: السعر > متوسط 50 > متوسط 100 يوم
5,4350,الاستثمار ريت,صناديق ريت,7.41,5.1,68.7,61.3,📦 تجميع هادئ,30.0,16.3,5.0,5.0,5.0,0.0,📦 تدفق نقدي إيجابي مستمر (CMF≈+0.25) يدل على تجميع | 📈 مؤشر OBV في صعود مستمر خلال 20 جلسة | 💧 حجم أيام الصعود أعلى من النزول بنسبة 4.6x خلال 10 جلسات | 🔊 تسارع نشاط التداول: متوسط 5 أيام أعلى من متوسط 20 يوماً بـ1.3x | 🕯️ شمعة انعكاسية صعودية (ذيل سفلي طويل + إغلاق قوي) خلال آخر 3 جلسات | 📐 السعر أعلى من المتوسط المتحرك 50 يوم
6,2223,لوبريف,المواد الأساسية,134.7,8.4,60.9,59.8,👀 متابعة,27.3,12.5,5.0,5.0,10.0,0.0,📦 تدفق نقدي إيجابي مستمر (CMF≈+0.17) يدل على تجميع | 📈 مؤشر OBV في صعود مستمر خلال 20 جلسة | 💧 حجم أيام الصعود أعلى من النزول بنسبة 1.8x خلال 10 جلسات | 🕯️ شمعة انعكاسية صعودية (ذيل سفلي طويل + إغلاق قوي) خلال آخر 3 جلسات | 📐 ترتيب صاعد للمتوسطات: السعر > متوسط 50 > متوسط 100 يوم
7,2300,صناعة الورق,المواد الأساسية,64.6,17.8,64.5,59.6,👀 متابعة,29.7,9.9,5.0,5.0,10.0,0.0,📦 تدفق نقدي إيجابي مستمر (CMF≈+0.28) يدل على تجميع | 📈 مؤشر OBV في صعود مستمر خلال 20 جلسة | 💧 حجم أيام الصعود أعلى من النزول بنسبة 1.6x خلال 10 جلسات | 🕯️ شمعة انعكاسية صعودية (ذيل سفلي طويل + إغلاق قوي) خلال آخر 3 جلسات | 📐 ترتيب صاعد للمتوسطات: السعر > متوسط 50 > متوسط 100 يوم
8,1030,الإستثمار,البنوك,13.86,3.4,61.5,59.0,📦 تجميع هادئ,19.6,14.3,5.0,10.0,10.0,0.0,📦 تدفق نقدي إيجابي مستمر (CMF≈+0.20) يدل على تجميع | 📈 مؤشر OBV في صعود مستمر خلال 20 جلسة مع تماسك سعري هادئ (تجميع بصمت) | 💧 حجم أيام الصعود أعلى من النزول بنسبة 2.6x خلال 10 جلسات | 🕯️ شمعة انعكاسية صعودية (ذيل سفلي طويل + إغلاق قوي) خلال آخر 3 جلسات | 👀 السهم يقترب من اختراق قمة 20 جلسة | 📐 ترتيب صاعد للمتوسطات: السعر > متوسط 50 > متوسط 100 يوم
9,4020,العقارية,تطوير عقاري,17.28,7.7,62.5,57.0,👀 متابعة,30.0,12.0,0.0,5.0,10.0,0.0,📦 تدفق نقدي إيجابي مستمر (CMF≈+0.26) يدل على تجميع | 📈 مؤشر OBV في صعود مستمر خلال 20 جلسة | 💧 حجم أيام الصعود أعلى من النزول بنسبة 3.3x خلال 10 جلسات | 📐 ترتيب صاعد للمتوسطات: السعر > متوسط 50 > متوسط 100 يوم
10,2280,المراعي,إنتاج الأغذية,46.18,2.8,51.7,57.0,📦 تجميع هادئ,30.0,12.0,5.0,0.0,10.0,0.0,📦 تدفق نقدي إيجابي مستمر (CMF≈+0.42) يدل على تجميع | 📈 مؤشر OBV في صعود مستمر خلال 20 جلسة مع تماسك سعري هادئ (تجميع بصمت) | 💧 حجم أيام الصعود أعلى من النزول بنسبة 2.2x خلال 10 جلسات | 🕯️ شمعة انعكاسية صعودية (ذيل سفلي طويل + إغلاق قوي) خلال آخر 3 جلسات | 📐 ترتيب صاعد للمتوسطات: السعر > متوسط 50 > متوسط 100 يوم
11,8280,ليفا,التأمين,15.2,27.7,65.5,55.2,👀 متابعة,22.7,17.5,5.0,0.0,10.0,0.0,📦 تدفق نقدي إيجابي مستمر (CMF≈+0.05) يدل على تجميع | 📈 مؤشر OBV في صعود مستمر خلال 20 جلسة | 💧 حجم أيام الصعود أعلى من النزول بنسبة 2.1x خلال 10 جلسات | 🔊 تسارع نشاط التداول: متوسط 5 أيام أعلى من متوسط 20 يوماً بـ1.5x | 🕯️ شمعة انعكاسية صعودية (ذيل سفلي طويل + إغلاق قوي) خلال آخر 3 جلسات | 📐 ترتيب صاعد للمتوسطات: السعر > متوسط 50 > متوسط 100 يوم
12,8040,متكاملة,التأمين,13.07,44.4,61.2,54.2,👀 متابعة,30.0,9.2,5.0,0.0,10.0,0.0,📦 تدفق نقدي إيجابي مستمر (CMF≈+0.26) يدل على تجميع | 📈 مؤشر OBV في صعود مستمر خلال 20 جلسة | 💧 حجم أيام الصعود أعلى من النزول بنسبة 1.4x خلال 10 جلسات | 🕯️ شمعة انعكاسية صعودية (ذيل سفلي طويل + إغلاق قوي) خلال آخر 3 جلسات | 📐 ترتيب صاعد للمتوسطات: السعر > متوسط 50 > متوسط 100 يوم
13,8170,الاتحاد,التأمين,7.0,10.6,50.2,53.4,👀 متابعة,30.0,13.4,0.0,0.0,10.0,0.0,📦 تدفق نقدي إيجابي مستمر (CMF≈+0.21) يدل على تجميع | 📈 مؤشر OBV في صعود مستمر خلال 20 جلسة | 💧 حجم أيام الصعود أعلى من النزول بنسبة 1.7x خلال 10 جلسات | 📐 ترتيب صاعد للمتوسطات: السعر > متوسط 50 > متوسط 100 يوم
14,4070,تهامة,الإعلام والترفيه,17.42,3.9,57.6,52.0,📦 تجميع هادئ,30.0,12.0,0.0,0.0,10.0,0.0,📦 تدفق نقدي إيجابي مستمر (CMF≈+0.22) يدل على تجميع | 📈 مؤشر OBV في صعود مستمر خلال 20 جلسة مع تماسك سعري هادئ (تجميع بصمت) | 💧 حجم أيام الصعود أعلى من النزول بنسبة 6.1x خلال 10 جلسات | 📐 ترتيب صاعد للمتوسطات: السعر > متوسط 50 > متوسط 100 يوم
15,2287,إنتاج,إنتاج الأغذية,26.3,7.8,52.3,50.8,👀 متابعة,23.8,12.0,5.0,5.0,5.0,0.0,📦 تدفق نقدي إيجابي مستمر (CMF≈+0.08) يدل على تجميع | 📈 مؤشر OBV في صعود مستمر خلال 20 جلسة | 💧 حجم أيام الصعود أعلى من النزول بنسبة 2.0x خلال 10 جلسات | 🕯️ شمعة انعكاسية صعودية (ذيل سفلي طويل + إغلاق قوي) خلال آخر 3 جلسات | 📐 السعر أعلى من المتوسط المتحرك 50 يوم
16,2282,نقي,إنتاج الأغذية,58.45,8.0,66.7,49.9,👀 متابعة,17.6,7.3,0.0,15.0,10.0,0.0,📦 تدفق نقدي إيجابي مستمر (CMF≈+0.41) يدل على تجميع | 💧 حجم أيام الصعود أعلى من النزول بنسبة 1.3x خلال 10 جلسات | 👀 السهم يقترب من اختراق قمة 20 جلسة | 📊 تقاطع MACD صعودي حديث (زخم إيجابي متجدد) | 📐 ترتيب صاعد للمتوسطات: السعر > متوسط 50 > متوسط 100 يوم
17,3040,أسمنت القصيم,المواد الأساسية,45.16,0.0,51.9,49.5,📦 تجميع هادئ,22.7,6.7,0.0,10.0,10.0,0.0,📦 تدفق نقدي إيجابي مستمر (CMF≈+0.21) يدل على تجميع | 📈 مؤشر OBV في صعود مستمر خلال 20 جلسة مع تماسك سعري هادئ (تجميع بصمت) | 💧 حجم أيام الصعود أعلى من النزول بنسبة 1.3x خلال 10 جلسات | 👀 السهم يقترب من اختراق قمة 20 جلسة | 📐 ترتيب صاعد للمتوسطات: السعر > متوسط 50 > متوسط 100 يوم
18,1833,الموارد,الخدمات التجارية والمهنية,107.3,2.1,56.0,48.1,📦 تجميع هادئ,21.1,12.0,5.0,0.0,10.0,0.0,📦 تدفق نقدي إيجابي مستمر (CMF≈+0.13) يدل على تجميع | 📈 مؤشر OBV في صعود مستمر خلال 20 جلسة مع تماسك سعري هادئ (تجميع بصمت) | 💧 حجم أيام الصعود أعلى من النزول بنسبة 2.1x خلال 10 جلسات | 🕯️ شمعة انعكاسية صعودية (ذيل سفلي طويل + إغلاق قوي) خلال آخر 3 جلسات | 📐 ترتيب صاعد للمتوسطات: السعر > متوسط 50 > متوسط 100 يوم
19,1835,تمكين,الخدمات التجارية والمهنية,48.1,5.1,63.9,44.9,⚠️ تصريف/توزيع,13.5,14.2,5.0,10.0,10.0,7.8,📈 مؤشر OBV في صعود مستمر خلال 20 جلسة | 💧 حجم أيام الصعود أعلى من النزول بنسبة 2.3x خلال 10 جلسات | 🕯️ شمعة انعكاسية صعودية (ذيل سفلي طويل + إغلاق قوي) خلال آخر 3 جلسات | 👀 السهم يقترب من اختراق قمة 20 جلسة | 📐 ترتيب صاعد للمتوسطات: السعر > متوسط 50 > متوسط 100 يوم | ⚠️ تحذير تصريف: تدفق نقدي سلبي (CMF≈-0.09) رغم ارتفاع السعر مؤخراً
20,4320,الأندلس,تطوير عقاري,14.66,4.7,60.6,43.5,👀 متابعة,16.5,12.0,0.0,10.0,5.0,0.0,📦 تدفق نقدي إيجابي مستمر (CMF≈+0.09) يدل على تجميع | 📈 مؤشر OBV في صعود مستمر خلال 20 جلسة | 💧 حجم أيام الصعود أعلى من النزول بنسبة 3.4x خلال 10 جلسات | 👀 السهم يقترب من اختراق قمة 20 جلسة | 📐 السعر أعلى من المتوسط المتحرك 50 يوم
21,1050,بي اس اف,البنوك,20.5,4.7,63.5,43.1,👀 متابعة,11.1,12.0,5.0,10.0,5.0,0.0,📦 تدفق نقدي إيجابي مستمر (CMF≈+0.07) يدل على تجميع | 💧 حجم أيام الصعود أعلى من النزول بنسبة 3.7x خلال 10 جلسات | 🕯️ شمعة انعكاسية صعودية (ذيل سفلي طويل + إغلاق قوي) خلال آخر 3 جلسات | 👀 السهم يقترب من اختراق قمة 20 جلسة | 📐 السعر أعلى من المتوسط المتحرك 50 يوم
22,4148,الوسائل الصناعية,السلع الرأسمالية,2.92,7.4,57.9,42.9,👀 متابعة,18.6,14.4,5.0,0.0,5.0,0.0,📦 تدفق نقدي إيجابي مستمر (CMF≈+0.30) يدل على تجميع | 📈 مؤشر OBV في صعود مستمر خلال 20 جلسة | 💧 حجم أيام الصعود أعلى من النزول بنسبة 2.1x خلال 10 جلسات | 🕯️ شمعة انعكاسية صعودية (ذيل سفلي طويل + إغلاق قوي) خلال آخر 3 جلسات | 📐 السعر أعلى من المتوسط المتحرك 50 يوم
23,1831,مهارة,الخدمات التجارية والمهنية,5.37,3.7,56.8,42.1,👀 متابعة,15.0,12.1,0.0,5.0,10.0,0.0,📦 تدفق نقدي إيجابي مستمر (CMF≈+0.17) يدل على تجميع | 💧 حجم أيام الصعود أعلى من النزول بنسبة 2.5x خلال 10 جلسات | 📐 ترتيب صاعد للمتوسطات: السعر > متوسط 50 > متوسط 100 يوم
24,2190,سيسكو القابضة,النقل,36.14,6.6,57.7,41.4,👀 متابعة,9.9,11.5,5.0,5.0,10.0,0.0,📦 تدفق نقدي إيجابي مستمر (CMF≈+0.07) يدل على تجميع | 💧 حجم أيام الصعود أعلى من النزول بنسبة 1.6x خلال 10 جلسات | 🕯️ شمعة انعكاسية صعودية (ذيل سفلي طويل + إغلاق قوي) خلال آخر 3 جلسات | 📐 ترتيب صاعد للمتوسطات: السعر > متوسط 50 > متوسط 100 يوم
25,1834,سماسكو,الخدمات التجارية والمهنية,6.31,-0.2,53.0,40.8,👀 متابعة,14.7,11.1,5.0,0.0,10.0,0.0,📦 تدفق نقدي إيجابي مستمر (CMF≈+0.19) يدل على تجميع | 💧 حجم أيام الصعود أعلى من النزول بنسبة 1.7x خلال 10 جلسات | 🕯️ شمعة انعكاسية صعودية (ذيل سفلي طويل + إغلاق قوي) خلال آخر 3 جلسات | 📐 ترتيب صاعد للمتوسطات: السعر > متوسط 50 > متوسط 100 يوم
26,4300,دار الأركان,تطوير عقاري,19.2,9.5,60.3,40.8,👀 متابعة,21.1,9.7,0.0,5.0,5.0,0.0,📦 تدفق نقدي إيجابي مستمر (CMF≈+0.22) يدل على تجميع | 📈 مؤشر OBV في صعود مستمر خلال 20 جلسة | 💧 حجم أيام الصعود أعلى من النزول بنسبة 1.4x خلال 10 جلسات | 📐 السعر أعلى من المتوسط المتحرك 50 يوم
27,4005,رعاية,الرعاية الصحية,115.0,9.3,60.7,40.2,⚠️ تصريف/توزيع,14.1,14.4,0.0,15.0,5.0,8.3,📈 مؤشر OBV في صعود مستمر خلال 20 جلسة | 💧 حجم أيام الصعود أعلى من النزول بنسبة 1.4x خلال 10 جلسات | 🔊 تسارع نشاط التداول: متوسط 5 أيام أعلى من متوسط 20 يوماً بـ1.6x | 👀 السهم يقترب من اختراق قمة 20 جلسة | 📊 تقاطع MACD صعودي حديث (زخم إيجابي متجدد) | 📐 السعر أعلى من المتوسط المتحرك 50 يوم | ⚠️ تحذير تصريف: تدفق نقدي سلبي (CMF≈-0.10) رغم ارتفاع السعر مؤخراً
28,6015,أمريكانا,الخدمات الاستهلاكية,2.12,2.4,60.1,40.2,👀 متابعة,12.7,12.5,5.0,0.0,10.0,0.0,📦 تدفق نقدي إيجابي مستمر (CMF≈+0.08) يدل على تجميع | 📈 مؤشر OBV في صعود مستمر خلال 20 جلسة مع تماسك سعري هادئ (تجميع بصمت) | 💧 حجم أيام الصعود أعلى من النزول بنسبة 1.8x خلال 10 جلسات | 🕯️ شمعة انعكاسية صعودية (ذيل سفلي طويل + إغلاق قوي) خلال آخر 3 جلسات | 📐 ترتيب صاعد للمتوسطات: السعر > متوسط 50 > متوسط 100 يوم
29,4200,الدريس,تجزئة السلع الكمالية,116.6,0.1,56.8,40.2,⚠️ تصريف/توزيع,1.5,20.0,5.0,15.0,5.0,6.3,💧 حجم أيام الصعود أعلى من النزول بنسبة 2.0x خلال 10 جلسات | 🔊 تسارع نشاط التداول: متوسط 5 أيام أعلى من متوسط 20 يوماً بـ1.9x | 🕯️ شمعة انعكاسية صعودية (ذيل سفلي طويل + إغلاق قوي) خلال آخر 3 جلسات | 👀 السهم يقترب من اختراق قمة 20 جلسة | 📊 تقاطع MACD صعودي حديث (زخم إيجابي متجدد) | 📐 السعر أعلى من المتوسط المتحرك 50 يوم | ⚠️ تحذير تصريف: تدفق نقدي سلبي (CMF≈-0.07) رغم ارتفاع السعر مؤخراً
30,4145,أو جي سي,السلع الرأسمالية,24.4,3.2,45.9,39.9,📦 تجميع هادئ,18.0,11.9,5.0,0.0,5.0,0.0,📦 تدفق نقدي إيجابي مستمر (CMF≈+0.10) يدل على تجميع | 📈 مؤشر OBV في صعود مستمر خلال 20 جلسة مع تماسك سعري هادئ (تجميع بصمت) | 💧 حجم أيام الصعود أعلى من النزول بنسبة 1.8x خلال 10 جلسات | 🕯️ شمعة انعكاسية صعودية (ذيل سفلي طويل + إغلاق قوي) خلال آخر 3 جلسات | 📐 السعر أعلى من المتوسط المتحرك 50 يوم
31,1140,البلاد,البنوك,24.79,0.2,58.0,39.5,👀 متابعة,6.7,12.7,5.0,10.0,5.0,0.0,💧 حجم أيام الصعود أعلى من النزول بنسبة 1.7x خلال 10 جلسات | 🕯️ شمعة انعكاسية صعودية (ذيل سفلي طويل + إغلاق قوي) خلال آخر 3 جلسات | 👀 السهم يقترب من اختراق قمة 20 جلسة | 📐 السعر أعلى من المتوسط المتحرك 50 يوم
32,4150,التعمير,تطوير عقاري,17.8,0.0,40.9,39.4,📦 تجميع هادئ,26.7,12.0,0.7,0.0,0.0,0.0,📦 تدفق نقدي إيجابي مستمر (CMF≈+0.13) يدل على تجميع | 📈 مؤشر OBV في صعود مستمر خلال 20 جلسة مع تماسك سعري هادئ (تجميع بصمت) | 💧 حجم أيام الصعود أعلى من النزول بنسبة 2.0x خلال 10 جلسات
33,2281,تنمية,إنتاج الأغذية,58.0,3.9,47.6,39.4,📦 تجميع هادئ,22.2,12.2,0.0,5.0,0.0,0.0,📈 مؤشر OBV في صعود مستمر خلال 20 جلسة مع تماسك سعري هادئ (تجميع بصمت) | 💧 حجم أيام الصعود أعلى من النزول بنسبة 2.7x خلال 10 جلسات
34,8020,ملاذ للتأمين,التأمين,10.21,9.1,55.2,38.4,👀 متابعة,21.9,6.4,0.0,0.0,10.0,0.0,📈 مؤشر OBV في صعود مستمر خلال 20 جلسة | 💧 حجم أيام الصعود أعلى من النزول بنسبة 1.2x خلال 10 جلسات | 📐 ترتيب صاعد للمتوسطات: السعر > متوسط 50 > متوسط 100 يوم
35,7200,ام آي اس,التطبيقات وخدمات التقنية,231.0,3.0,57.2,38.3,👀 متابعة,16.3,12.0,0.0,0.0,10.0,0.0,📦 تدفق نقدي إيجابي مستمر (CMF≈+0.32) يدل على تجميع | 💧 حجم أيام الصعود أعلى من النزول بنسبة 3.1x خلال 10 جلسات | 📐 ترتيب صاعد للمتوسطات: السعر > متوسط 50 > متوسط 100 يوم
36,3010,أسمنت العربية,المواد الأساسية,23.3,-0.4,56.3,38.2,👀 متابعة,6.2,12.0,5.0,10.0,5.0,0.0,💧 حجم أيام الصعود أعلى من النزول بنسبة 2.1x خلال 10 جلسات | 🕯️ شمعة انعكاسية صعودية (ذيل سفلي طويل + إغلاق قوي) خلال آخر 3 جلسات | 👀 السهم يقترب من اختراق قمة 20 جلسة | 📐 السعر أعلى من المتوسط المتحرك 50 يوم
37,4346,ميفك ريت,صناديق ريت,3.33,-1.8,35.4,37.3,👀 متابعة,15.3,15.5,6.5,0.0,0.0,0.0,📦 تدفق نقدي إيجابي مستمر (CMF≈+0.29) يدل على تجميع | 💧 حجم أيام الصعود أعلى من النزول بنسبة 2.6x خلال 10 جلسات | 🔊 تسارع نشاط التداول: متوسط 5 أيام أعلى من متوسط 20 يوماً بـ1.2x | 🕯️ شمعة انعكاسية صعودية (ذيل سفلي طويل + إغلاق قوي) خلال آخر 3 جلسات
38,1080,العربي,البنوك,21.84,0.7,62.5,36.5,⚠️ تصريف/توزيع,6.2,16.9,5.0,10.0,5.0,6.6,📈 مؤشر OBV في صعود مستمر خلال 20 جلسة مع تماسك سعري هادئ (تجميع بصمت) | 💧 حجم أيام الصعود أعلى من النزول بنسبة 3.5x خلال 10 جلسات | 🔊 تسارع نشاط التداول: متوسط 5 أيام أعلى من متوسط 20 يوماً بـ1.4x | 🕯️ شمعة انعكاسية صعودية (ذيل سفلي طويل + إغلاق قوي) خلال آخر 3 جلسات | 👀 السهم يقترب من اختراق قمة 20 جلسة | 📐 السعر أعلى من المتوسط المتحرك 50 يوم | ⚠️ تحذير تصريف: تدفق نقدي سلبي (CMF≈-0.07) رغم ارتفاع السعر مؤخراً
39,2380,بترو رابغ,الطاقة,15.08,25.2,63.0,36.3,👀 متابعة,4.8,11.5,5.0,5.0,10.0,0.0,🔊 تسارع نشاط التداول: متوسط 5 أيام أعلى من متوسط 20 يوماً بـ1.5x | 🕯️ شمعة انعكاسية صعودية (ذيل سفلي طويل + إغلاق قوي) خلال آخر 3 جلسات | 📐 ترتيب صاعد للمتوسطات: السعر > متوسط 50 > متوسط 100 يوم
40,8012,جزيرة تكافل,التأمين,12.37,7.7,55.5,35.8,👀 متابعة,18.1,2.6,5.0,0.0,10.0,0.0,📦 تدفق نقدي إيجابي مستمر (CMF≈+0.46) يدل على تجميع | 📈 مؤشر OBV في صعود مستمر خلال 20 جلسة | 🕯️ شمعة انعكاسية صعودية (ذيل سفلي طويل + إغلاق قوي) خلال آخر 3 جلسات | 📐 ترتيب صاعد للمتوسطات: السعر > متوسط 50 > متوسط 100 يوم
41,4144,رؤوم,السلع الرأسمالية,75.5,20.4,58.6,35.4,👀 متابعة,9.7,10.7,0.0,5.0,10.0,0.0,💧 حجم أيام الصعود أعلى من النزول بنسبة 1.3x خلال 10 جلسات | 🔊 تسارع نشاط التداول: متوسط 5 أيام أعلى من متوسط 20 يوماً بـ1.3x | 📐 ترتيب صاعد للمتوسطات: السعر > متوسط 50 > متوسط 100 يوم
42,8120,إتحاد الخليج الأهلية,التأمين,14.11,6.2,56.4,34.7,👀 متابعة,18.4,1.3,5.0,0.0,10.0,0.0,📦 تدفق نقدي إيجابي مستمر (CMF≈+0.27) يدل على تجميع | 📈 مؤشر OBV في صعود مستمر خلال 20 جلسة | 🕯️ شمعة انعكاسية صعودية (ذيل سفلي طويل + إغلاق قوي) خلال آخر 3 جلسات | 📐 ترتيب صاعد للمتوسطات: السعر > متوسط 50 > متوسط 100 يوم
43,3080,أسمنت الشرقية,المواد الأساسية,26.58,-2.8,56.4,34.3,👀 متابعة,8.1,11.1,5.0,0.0,10.0,0.0,💧 حجم أيام الصعود أعلى من النزول بنسبة 1.7x خلال 10 جلسات | 🕯️ شمعة انعكاسية صعودية (ذيل سفلي طويل + إغلاق قوي) خلال آخر 3 جلسات | 📐 ترتيب صاعد للمتوسطات: السعر > متوسط 50 > متوسط 100 يوم
44,3005,أسمنت أم القرى,المواد الأساسية,13.75,-1.0,47.5,34.3,📦 تجميع هادئ,24.1,5.2,5.0,0.0,0.0,0.0,📦 تدفق نقدي إيجابي مستمر (CMF≈+0.08) يدل على تجميع | 📈 مؤشر OBV في صعود مستمر خلال 20 جلسة مع تماسك سعري هادئ (تجميع بصمت) | 🕯️ شمعة انعكاسية صعودية (ذيل سفلي طويل + إغلاق قوي) خلال آخر 3 جلسات
45,4162,المنجم,تجزئة السلع الاستهلاكية,61.55,-0.6,47.6,32.8,👀 متابعة,15.8,12.0,5.0,0.0,0.0,0.0,📦 تدفق نقدي إيجابي مستمر (CMF≈+0.18) يدل على تجميع | 💧 حجم أيام الصعود أعلى من النزول بنسبة 2.3x خلال 10 جلسات | 🕯️ شمعة انعكاسية صعودية (ذيل سفلي طويل + إغلاق قوي) خلال آخر 3 جلسات
46,3090,أسمنت تبوك,المواد الأساسية,7.55,-3.5,30.2,31.9,🔄 ارتداد من تشبع بيع,15.0,6.0,10.9,0.0,0.0,0.0,📦 تدفق نقدي إيجابي مستمر (CMF≈+0.31) يدل على تجميع | 🔄 ارتداد من تشبع بيع: RSI عند 30 ويتجه للصعود | 🕯️ شمعة انعكاسية صعودية (ذيل سفلي طويل + إغلاق قوي) خلال آخر 3 جلسات
47,4190,جرير,تجزئة السلع الكمالية,16.78,-0.1,45.7,31.7,👀 متابعة,17.3,4.5,0.0,0.0,10.0,0.0,📦 تدفق نقدي إيجابي مستمر (CMF≈+0.41) يدل على تجميع | 📐 ترتيب صاعد للمتوسطات: السعر > متوسط 50 > متوسط 100 يوم
48,2340,ارتيكس,السلع طويلة الأجل,11.87,8.4,50.7,31.5,👀 متابعة,10.5,11.0,0.0,0.0,10.0,0.0,📦 تدفق نقدي إيجابي مستمر (CMF≈+0.06) يدل على تجميع | 💧 حجم أيام الصعود أعلى من النزول بنسبة 1.7x خلال 10 جلسات | 📐 ترتيب صاعد للمتوسطات: السعر > متوسط 50 > متوسط 100 يوم
49,4130,درب السعودية,الخدمات المالية,2.16,2.4,48.3,31.4,👀 متابعة,7.8,13.6,0.0,0.0,10.0,0.0,💧 حجم أيام الصعود أعلى من النزول بنسبة 1.8x خلال 10 جلسات | 📐 ترتيب صاعد للمتوسطات: السعر > متوسط 50 > متوسط 100 يوم
50,2290,ينساب,المواد الأساسية,31.98,8.2,57.7,30.3,👀 متابعة,11.3,9.0,0.0,5.0,5.0,0.0,📈 مؤشر OBV في صعود مستمر خلال 20 جلسة | 🔊 تسارع نشاط التداول: متوسط 5 أيام أعلى من متوسط 20 يوماً بـ1.4x | 📐 السعر أعلى من المتوسط المتحرك 50 يوم
51,2070,الدوائية,الأدوية,30.22,4.8,56.9,30.2,👀 متابعة,1.9,19.1,0.0,10.0,5.0,5.8,💧 حجم أيام الصعود أعلى من النزول بنسبة 9.9x خلال 10 جلسات | 🔊 تسارع نشاط التداول: متوسط 5 أيام أعلى من متوسط 20 يوماً بـ1.7x | 📊 تقاطع MACD صعودي حديث (زخم إيجابي متجدد) | 📐 السعر أعلى من المتوسط المتحرك 50 يوم | ⚠️ تحذير تصريف: تدفق نقدي سلبي (CMF≈-0.06) رغم ارتفاع السعر مؤخراً
52,8230,تكافل الراجحي,التأمين,51.15,-5.5,44.0,30.2,👀 متابعة,1.3,13.5,5.4,10.0,0.0,0.0,💧 حجم أيام الصعود أعلى من النزول بنسبة 1.6x خلال 10 جلسات | 🔊 تسارع نشاط التداول: متوسط 5 أيام أعلى من متوسط 20 يوماً بـ1.3x | 🕯️ شمعة انعكاسية صعودية (ذيل سفلي طويل + إغلاق قوي) خلال آخر 3 جلسات | 📊 تقاطع MACD صعودي حديث (زخم إيجابي متجدد)
53,2222,أرامكو السعودية,الطاقة,26.84,2.7,54.1,29.6,👀 متابعة,7.6,7.0,5.0,10.0,0.0,0.0,🕯️ شمعة انعكاسية صعودية (ذيل سفلي طويل + إغلاق قوي) خلال آخر 3 جلسات | 👀 السهم يقترب من اختراق قمة 20 جلسة
54,4325,مسار,تطوير عقاري,17.51,-1.8,52.4,28.9,👀 متابعة,6.7,7.3,5.0,0.0,10.0,0.0,💧 حجم أيام الصعود أعلى من النزول بنسبة 1.3x خلال 10 جلسات | 🕯️ شمعة انعكاسية صعودية (ذيل سفلي طويل + إغلاق قوي) خلال آخر 3 جلسات | 📐 ترتيب صاعد للمتوسطات: السعر > متوسط 50 > متوسط 100 يوم
55,1321,أنابيب الشرق,المواد الأساسية,199.7,-12.0,37.0,28.9,👀 متابعة,10.9,11.7,6.3,0.0,0.0,0.0,📈 مؤشر OBV في صعود مستمر خلال 20 جلسة | 🔊 تسارع نشاط التداول: متوسط 5 أيام أعلى من متوسط 20 يوماً بـ1.6x | 🕯️ شمعة انعكاسية صعودية (ذيل سفلي طويل + إغلاق قوي) خلال آخر 3 جلسات
56,3020,أسمنت اليمامة,المواد الأساسية,24.3,-5.0,38.5,28.7,👀 متابعة,15.0,6.0,7.6,0.0,0.0,0.0,📦 تدفق نقدي إيجابي مستمر (CMF≈+0.26) يدل على تجميع | 🔄 ارتداد من تشبع بيع: RSI عند 38 ويتجه للصعود | 🕯️ شمعة انعكاسية صعودية (ذيل سفلي طويل + إغلاق قوي) خلال آخر 3 جلسات
57,2230,الكيميائية,الرعاية الصحية,8.37,2.7,52.2,28.0,👀 متابعة,9.4,8.6,5.0,5.0,0.0,0.0,📦 تدفق نقدي إيجابي مستمر (CMF≈+0.05) يدل على تجميع | 💧 حجم أيام الصعود أعلى من النزول بنسبة 1.5x خلال 10 جلسات | 🕯️ شمعة انعكاسية صعودية (ذيل سفلي طويل + إغلاق قوي) خلال آخر 3 جلسات
58,4146,جاز,السلع الرأسمالية,16.36,-1.4,47.0,28.0,👀 متابعة,17.4,0.9,0.0,0.0,10.0,0.3,📦 تدفق نقدي إيجابي مستمر (CMF≈+0.19) يدل على تجميع | 📐 ترتيب صاعد للمتوسطات: السعر > متوسط 50 > متوسط 100 يوم | ⚠️ هيمنة حجم أيام النزول على الصعود (نسبة 0.7x) - ضغط بيعي
59,4082,مرنة,الخدمات المالية,7.51,0.9,41.5,27.6,👀 متابعة,15.0,12.0,0.6,0.0,0.0,0.0,📈 مؤشر OBV في صعود مستمر خلال 20 جلسة مع تماسك سعري هادئ (تجميع بصمت) | 💧 حجم أيام الصعود أعلى من النزول بنسبة 1.8x خلال 10 جلسات
60,4292,عطاء,الخدمات الاستهلاكية,47.2,-6.0,45.5,27.2,👀 متابعة,5.2,17.0,5.0,0.0,0.0,0.0,💧 حجم أيام الصعود أعلى من النزول بنسبة 1.7x خلال 10 جلسات | 🔊 تسارع نشاط التداول: متوسط 5 أيام أعلى من متوسط 20 يوماً بـ1.6x | 🕯️ شمعة انعكاسية صعودية (ذيل سفلي طويل + إغلاق قوي) خلال آخر 3 جلسات
61,8200,الإعادة السعودية,التأمين,25.88,-1.3,45.1,27.0,👀 متابعة,15.0,12.0,0.0,0.0,0.0,0.0,📈 مؤشر OBV في صعود مستمر خلال 20 جلسة مع تماسك سعري هادئ (تجميع بصمت) | 💧 حجم أيام الصعود أعلى من النزول بنسبة 1.8x خلال 10 جلسات
62,4030,البحري,الطاقة,32.5,-1.3,48.1,26.9,👀 متابعة,8.7,13.2,0.0,5.0,0.0,0.0,💧 حجم أيام الصعود أعلى من النزول بنسبة 1.7x خلال 10 جلسات
63,4348,الخبير ريت,صناديق ريت,5.72,-0.3,48.3,26.7,👀 متابعة,6.0,5.7,5.0,10.0,0.0,0.0,🔊 تسارع نشاط التداول: متوسط 5 أيام أعلى من متوسط 20 يوماً بـ1.4x | 🕯️ شمعة انعكاسية صعودية (ذيل سفلي طويل + إغلاق قوي) خلال آخر 3 جلسات | 👀 السهم يقترب من اختراق قمة 20 جلسة | ⚠️ هيمنة حجم أيام النزول على الصعود (نسبة 0.7x) - ضغط بيعي
64,1020,الجزيرة,البنوك,12.09,1.3,60.2,26.6,⚠️ تصريف/توزيع,4.7,12.9,0.0,10.0,10.0,11.0,📈 مؤشر OBV في صعود مستمر خلال 20 جلسة مع تماسك سعري هادئ (تجميع بصمت) | 💧 حجم أيام الصعود أعلى من النزول بنسبة 1.2x خلال 10 جلسات | 🔊 تسارع نشاط التداول: متوسط 5 أيام أعلى من متوسط 20 يوماً بـ1.6x | 📊 تقاطع MACD صعودي حديث (زخم إيجابي متجدد) | 📐 ترتيب صاعد للمتوسطات: السعر > متوسط 50 > متوسط 100 يوم | ⚠️ تحذير تصريف: تدفق نقدي سلبي (CMF≈-0.14) رغم ارتفاع السعر مؤخراً
65,3007,الواحة,المواد الأساسية,2.86,8.7,61.9,26.2,👀 متابعة,7.2,9.0,0.0,0.0,10.0,0.0,📈 مؤشر OBV في صعود مستمر خلال 20 جلسة | 💧 حجم أيام الصعود أعلى من النزول بنسبة 1.5x خلال 10 جلسات | 📐 ترتيب صاعد للمتوسطات: السعر > متوسط 50 > متوسط 100 يوم
66,4084,دراية,الخدمات المالية,21.82,-3.2,41.8,25.7,👀 متابعة,11.9,8.3,0.5,5.0,0.0,0.0,📦 تدفق نقدي إيجابي مستمر (CMF≈+0.09) يدل على تجميع | 💧 حجم أيام الصعود أعلى من النزول بنسبة 1.3x خلال 10 جلسات
67,5110,السعودية للطاقة,المرافق العامة,17.83,-1.5,53.5,25.5,👀 متابعة,7.2,8.3,0.0,0.0,10.0,0.0,🔊 تسارع نشاط التداول: متوسط 5 أيام أعلى من متوسط 20 يوماً بـ1.3x | 📐 ترتيب صاعد للمتوسطات: السعر > متوسط 50 > متوسط 100 يوم
68,7020,إتحاد إتصالات,الاتصالات,63.9,5.3,63.7,25.4,⚠️ تصريف/توزيع,7.7,13.4,0.0,10.0,5.0,10.6,📈 مؤشر OBV في صعود مستمر خلال 20 جلسة | 💧 حجم أيام الصعود أعلى من النزول بنسبة 2.2x خلال 10 جلسات | 👀 السهم يقترب من اختراق قمة 20 جلسة | 📐 السعر أعلى من المتوسط المتحرك 50 يوم | ⚠️ تحذير تصريف: تدفق نقدي سلبي (CMF≈-0.13) رغم ارتفاع السعر مؤخراً
69,8100,سايكو,التأمين,10.61,6.0,54.7,25.2,⚠️ تصريف/توزيع,15.0,12.0,0.0,0.0,10.0,11.8,📈 مؤشر OBV في صعود مستمر خلال 20 جلسة | 💧 حجم أيام الصعود أعلى من النزول بنسبة 3.3x خلال 10 جلسات | 📐 ترتيب صاعد للمتوسطات: السعر > متوسط 50 > متوسط 100 يوم | ⚠️ تحذير تصريف: تدفق نقدي سلبي (CMF≈-0.15) رغم ارتفاع السعر مؤخراً
70,8150,أسيج,التأمين,6.72,6.3,44.2,25.0,👀 متابعة,13.2,1.6,0.1,0.0,10.0,0.0,📈 مؤشر OBV في صعود مستمر خلال 20 جلسة | 📐 ترتيب صاعد للمتوسطات: السعر > متوسط 50 > متوسط 100 يوم
71,4324,بنان,تطوير عقاري,3.06,1.0,41.3,24.5,👀 متابعة,15.8,2.2,6.5,0.0,0.0,0.0,📈 مؤشر OBV في صعود مستمر خلال 20 جلسة مع تماسك سعري هادئ (تجميع بصمت) | 🕯️ شمعة انعكاسية صعودية (ذيل سفلي طويل + إغلاق قوي) خلال آخر 3 جلسات
72,4334,المعذر ريت,صناديق ريت,9.0,-0.4,46.4,24.0,👀 متابعة,12.6,2.0,0.0,5.0,10.0,5.6,📦 تدفق نقدي إيجابي مستمر (CMF≈+0.15) يدل على تجميع | 👀 السهم يقترب من اختراق قمة 20 جلسة | 📐 ترتيب صاعد للمتوسطات: السعر > متوسط 50 > متوسط 100 يوم | ⚠️ هيمنة حجم أيام النزول على الصعود (نسبة 0.5x) - ضغط بيعي
73,4192,السيف غاليري,تجزئة السلع الكمالية,6.53,-4.4,34.7,23.9,👀 متابعة,11.7,8.1,4.1,0.0,0.0,0.0,📦 تدفق نقدي إيجابي مستمر (CMF≈+0.13) يدل على تجميع | 🔊 تسارع نشاط التداول: متوسط 5 أيام أعلى من متوسط 20 يوماً بـ1.3x | 🔄 ارتداد من تشبع بيع: RSI عند 35 ويتجه للصعود
74,4100,مكة,تطوير عقاري,85.45,-1.4,49.1,23.8,👀 متابعة,15.7,8.1,0.0,0.0,0.0,0.0,📦 تدفق نقدي إيجابي مستمر (CMF≈+0.20) يدل على تجميع | 💧 حجم أيام الصعود أعلى من النزول بنسبة 1.4x خلال 10 جلسات
75,4164,النهدي,تجزئة السلع الاستهلاكية,91.15,-3.1,36.0,23.4,👀 متابعة,0.0,4.8,8.6,10.0,0.0,0.0,🔊 تسارع نشاط التداول: متوسط 5 أيام أعلى من متوسط 20 يوماً بـ1.2x | 🔄 ارتداد من تشبع بيع: RSI عند 36 ويتجه للصعود | 🕯️ شمعة انعكاسية صعودية (ذيل سفلي طويل + إغلاق قوي) خلال آخر 3 جلسات | 📊 تقاطع MACD صعودي حديث (زخم إيجابي متجدد)
76,4072,مجموعة إم بي سي,الإعلام والترفيه,20.88,-11.6,34.0,22.4,👀 متابعة,0.0,10.6,1.8,10.0,0.0,0.0,💧 حجم أيام الصعود أعلى من النزول بنسبة 1.7x خلال 10 جلسات | 📊 تقاطع MACD صعودي حديث (زخم إيجابي متجدد)
77,4250,جبل عمر,تطوير عقاري,16.02,8.0,66.8,22.3,⚠️ تصريف/توزيع,9.8,12.4,0.0,10.0,5.0,15.0,📈 مؤشر OBV في صعود مستمر خلال 20 جلسة | 💧 حجم أيام الصعود أعلى من النزول بنسبة 2.9x خلال 10 جلسات | 👀 السهم يقترب من اختراق قمة 20 جلسة | 📐 السعر أعلى من المتوسط المتحرك 50 يوم | ⚠️ تحذير تصريف: تدفق نقدي سلبي (CMF≈-0.32) رغم ارتفاع السعر مؤخراً
78,1324,صالح الراشد,المواد الأساسية,41.02,-6.1,38.3,22.3,👀 متابعة,8.7,7.5,1.1,5.0,0.0,0.0,📈 مؤشر OBV في صعود مستمر خلال 20 جلسة
79,1323,يو سي آي سي,المواد الأساسية,24.78,-1.7,42.9,22.3,📦 تجميع هادئ,20.1,1.3,0.9,0.0,0.0,0.0,📦 تدفق نقدي إيجابي مستمر (CMF≈+0.37) يدل على تجميع | 📈 مؤشر OBV في صعود مستمر خلال 20 جلسة مع تماسك سعري هادئ (تجميع بصمت)
80,4040,سابتكو,النقل,11.3,1.3,50.2,22.2,👀 متابعة,1.9,5.3,5.0,0.0,10.0,0.0,🕯️ شمعة انعكاسية صعودية (ذيل سفلي طويل + إغلاق قوي) خلال آخر 3 جلسات | 📐 ترتيب صاعد للمتوسطات: السعر > متوسط 50 > متوسط 100 يوم
81,2286,المطاحن الرابعة,إنتاج الأغذية,3.97,-6.8,33.0,22.2,👀 متابعة,15.0,1.6,6.9,0.0,0.0,1.3,📦 تدفق نقدي إيجابي مستمر (CMF≈+0.29) يدل على تجميع | 🕯️ شمعة انعكاسية صعودية (ذيل سفلي طويل + إغلاق قوي) خلال آخر 3 جلسات | ⚠️ هيمنة حجم أيام النزول على الصعود (نسبة 0.6x) - ضغط بيعي
82,4110,باتك,السلع الرأسمالية,2.02,-8.6,32.9,21.5,👀 متابعة,11.8,2.7,6.9,0.0,0.0,0.0,📦 تدفق نقدي إيجابي مستمر (CMF≈+0.14) يدل على تجميع | 🕯️ شمعة انعكاسية صعودية (ذيل سفلي طويل + إغلاق قوي) خلال آخر 3 جلسات
83,4340,الراجحي ريت,صناديق ريت,8.14,-1.0,37.4,21.4,⚠️ تصريف/توزيع,14.7,5.5,6.2,5.0,0.0,10.0,📦 تدفق نقدي إيجابي مستمر (CMF≈+0.15) يدل على تجميع | 🔊 تسارع نشاط التداول: متوسط 5 أيام أعلى من متوسط 20 يوماً بـ1.5x | 🕯️ شمعة انعكاسية صعودية (ذيل سفلي طويل + إغلاق قوي) خلال آخر 3 جلسات | 👀 السهم يقترب من اختراق قمة 20 جلسة | ⚠️ هيمنة حجم أيام النزول على الصعود (نسبة 0.2x) - ضغط بيعي
84,1303,الصناعات الكهربائية,السلع الرأسمالية,14.83,0.5,51.2,21.0,👀 متابعة,7.3,8.7,5.0,0.0,0.0,0.0,💧 حجم أيام الصعود أعلى من النزول بنسبة 1.2x خلال 10 جلسات | 🕯️ شمعة انعكاسية صعودية (ذيل سفلي طويل + إغلاق قوي) خلال آخر 3 جلسات
85,4338,الأهلي ريت 1,صناديق ريت,6.61,2.8,69.9,20.8,⚠️ تصريف/توزيع,1.4,11.4,0.0,10.0,5.0,7.0,💧 حجم أيام الصعود أعلى من النزول بنسبة 1.6x خلال 10 جلسات | 👀 السهم يقترب من اختراق قمة 20 جلسة | 📐 السعر أعلى من المتوسط المتحرك 50 يوم | ⚠️ تحذير تصريف: تدفق نقدي سلبي (CMF≈-0.08) رغم ارتفاع السعر مؤخراً
86,8050,سلامة,التأمين,8.78,7.3,47.1,20.6,👀 متابعة,10.5,0.7,0.0,0.0,10.0,0.7,📦 تدفق نقدي إيجابي مستمر (CMF≈+0.11) يدل على تجميع | 📐 ترتيب صاعد للمتوسطات: السعر > متوسط 50 > متوسط 100 يوم | ⚠️ هيمنة حجم أيام النزول على الصعود (نسبة 0.7x) - ضغط بيعي
87,4265,شري,النقل,22.81,-4.2,38.7,20.0,👀 متابعة,0.0,2.5,7.5,10.0,0.0,0.0,🔄 ارتداد من تشبع بيع: RSI عند 39 ويتجه للصعود | 🕯️ شمعة انعكاسية صعودية (ذيل سفلي طويل + إغلاق قوي) خلال آخر 3 جلسات | 📊 تقاطع MACD صعودي حديث (زخم إيجابي متجدد)
88,1830,لجام للرياضة,الخدمات الاستهلاكية,70.55,-10.1,22.6,19.9,🔄 ارتداد من تشبع بيع,0.0,5.9,14.0,0.0,0.0,0.0,🔄 ارتداد من تشبع بيع: RSI عند 23 ويتجه للصعود | 🕯️ شمعة انعكاسية صعودية (ذيل سفلي طويل + إغلاق قوي) خلال آخر 3 جلسات
89,7211,عزم,التطبيقات وخدمات التقنية,21.98,2.2,55.1,19.5,⚠️ تصريف/توزيع,9.5,20.0,0.0,5.0,0.0,15.0,📈 مؤشر OBV في صعود مستمر خلال 20 جلسة مع تماسك سعري هادئ (تجميع بصمت) | 💧 حجم أيام الصعود أعلى من النزول بنسبة 2.2x خلال 10 جلسات | 🔊 تسارع نشاط التداول: متوسط 5 أيام أعلى من متوسط 20 يوماً بـ1.8x | ⚠️ تحذير تصريف: تدفق نقدي سلبي (CMF≈-0.21) رغم ارتفاع السعر مؤخراً
90,8070,الدرع العربي,التأمين,12.0,0.3,48.6,19.3,👀 متابعة,11.1,3.2,5.0,0.0,0.0,0.0,📦 تدفق نقدي إيجابي مستمر (CMF≈+0.10) يدل على تجميع | 🕯️ شمعة انعكاسية صعودية (ذيل سفلي طويل + إغلاق قوي) خلال آخر 3 جلسات
91,4011,لازوردي,السلع طويلة الأجل,10.99,-0.3,44.2,19.0,👀 متابعة,1.1,12.8,5.1,0.0,0.0,0.0,💧 حجم أيام الصعود أعلى من النزول بنسبة 2.2x خلال 10 جلسات | 🕯️ شمعة انعكاسية صعودية (ذيل سفلي طويل + إغلاق قوي) خلال آخر 3 جلسات
92,2130,صدق,السلع طويلة الأجل,16.18,3.2,48.7,19.0,👀 متابعة,1.3,2.7,5.0,0.0,10.0,0.0,🕯️ شمعة انعكاسية صعودية (ذيل سفلي طويل + إغلاق قوي) خلال آخر 3 جلسات | 📐 ترتيب صاعد للمتوسطات: السعر > متوسط 50 > متوسط 100 يوم
93,2370,مسك,السلع الرأسمالية,31.8,4.1,49.5,18.6,👀 متابعة,3.2,10.3,5.0,0.0,0.0,0.0,📈 مؤشر OBV في صعود مستمر خلال 20 جلسة | 💧 حجم أيام الصعود أعلى من النزول بنسبة 1.6x خلال 10 جلسات | 🕯️ شمعة انعكاسية صعودية (ذيل سفلي طويل + إغلاق قوي) خلال آخر 3 جلسات
94,2350,كيان السعودية,المواد الأساسية,5.04,-3.8,35.5,18.4,👀 متابعة,0.0,1.1,8.8,10.0,0.0,1.5,🔄 ارتداد من تشبع بيع: RSI عند 36 ويتجه للصعود | 🕯️ شمعة انعكاسية صعودية (ذيل سفلي طويل + إغلاق قوي) خلال آخر 3 جلسات | 📊 تقاطع MACD صعودي حديث (زخم إيجابي متجدد) | ⚠️ هيمنة حجم أيام النزول على الصعود (نسبة 0.6x) - ضغط بيعي
95,7203,علم,التطبيقات وخدمات التقنية,688.5,-0.5,59.3,18.2,⚠️ تصريف/توزيع,0.0,8.2,5.0,10.0,10.0,15.0,🕯️ شمعة انعكاسية صعودية (ذيل سفلي طويل + إغلاق قوي) خلال آخر 3 جلسات | 📊 تقاطع MACD صعودي حديث (زخم إيجابي متجدد) | 📐 ترتيب صاعد للمتوسطات: السعر > متوسط 50 > متوسط 100 يوم | ⚠️ تحذير تصريف: تدفق نقدي سلبي (CMF≈-0.27) رغم ارتفاع السعر مؤخراً
96,1180,الأهلي,البنوك,39.56,-1.1,55.4,18.0,⚠️ تصريف/توزيع,2.3,15.7,0.0,10.0,5.0,15.0,💧 حجم أيام الصعود أعلى من النزول بنسبة 2.3x خلال 10 جلسات | 🔊 تسارع نشاط التداول: متوسط 5 أيام أعلى من متوسط 20 يوماً بـ1.3x | 📊 تقاطع MACD صعودي حديث (زخم إيجابي متجدد) | 📐 السعر أعلى من المتوسط المتحرك 50 يوم | ⚠️ تحذير تصريف: تدفق نقدي سلبي (CMF≈-0.35) رغم ارتفاع السعر مؤخراً
97,8210,بوبا العربية,التأمين,167.7,-7.1,48.5,17.7,👀 متابعة,2.1,6.0,5.0,10.0,0.0,5.5,🔊 تسارع نشاط التداول: متوسط 5 أيام أعلى من متوسط 20 يوماً بـ1.3x | 🕯️ شمعة انعكاسية صعودية (ذيل سفلي طويل + إغلاق قوي) خلال آخر 3 جلسات | 📊 تقاطع MACD صعودي حديث (زخم إيجابي متجدد) | ⚠️ تحذير تصريف: تدفق نقدي سلبي (CMF≈-0.06) رغم ارتفاع السعر مؤخراً
98,4280,المملكة,الخدمات المالية,12.16,4.2,53.5,17.1,⚠️ تصريف/توزيع,1.0,16.0,5.0,10.0,0.0,15.0,💧 حجم أيام الصعود أعلى من النزول بنسبة 2.7x خلال 10 جلسات | 🔊 تسارع نشاط التداول: متوسط 5 أيام أعلى من متوسط 20 يوماً بـ1.3x | 🕯️ شمعة انعكاسية صعودية (ذيل سفلي طويل + إغلاق قوي) خلال آخر 3 جلسات | 📊 تقاطع MACD صعودي حديث (زخم إيجابي متجدد) | ⚠️ تحذير تصريف: تدفق نقدي سلبي (CMF≈-0.24) رغم ارتفاع السعر مؤخراً
99,4335,مشاركة ريت,صناديق ريت,3.63,-8.8,20.9,16.9,👀 متابعة,10.9,2.1,8.9,0.0,0.0,5.0,📦 تدفق نقدي إيجابي مستمر (CMF≈+0.12) يدل على تجميع | ⏳ تشبع بيع واضح: RSI عند 21 (بانتظار تأكيد الارتداد) | 🕯️ شمعة انعكاسية صعودية (ذيل سفلي طويل + إغلاق قوي) خلال آخر 3 جلسات | ⚠️ هيمنة حجم أيام النزول على الصعود (نسبة 0.5x) - ضغط بيعي
100,2285,المطاحن العربية,إنتاج الأغذية,45.84,-6.8,41.0,16.8,👀 متابعة,15.3,1.0,0.6,0.0,0.0,0.1,📦 تدفق نقدي إيجابي مستمر (CMF≈+0.22) يدل على تجميع | ⚠️ هيمنة حجم أيام النزول على الصعود (نسبة 0.7x) - ضغط بيعي
101,4090,طيبة,تطوير عقاري,18.2,-6.8,38.1,16.6,⚠️ تصريف/توزيع,0.0,8.0,6.1,10.0,0.0,7.5,🔊 تسارع نشاط التداول: متوسط 5 أيام أعلى من متوسط 20 يوماً بـ1.9x | 🕯️ شمعة انعكاسية صعودية (ذيل سفلي طويل + إغلاق قوي) خلال آخر 3 جلسات | 📊 تقاطع MACD صعودي حديث (زخم إيجابي متجدد) | ⚠️ هيمنة حجم أيام النزول على الصعود (نسبة 0.4x) - ضغط بيعي
102,4061,أنعام القابضة,تجزئة السلع الاستهلاكية,11.36,-4.5,40.7,16.5,👀 متابعة,4.5,1.4,0.7,0.0,10.0,0.0,📈 مؤشر OBV في صعود مستمر خلال 20 جلسة | 📐 ترتيب صاعد للمتوسطات: السعر > متوسط 50 > متوسط 100 يوم
103,4003,إكسترا,تجزئة السلع الكمالية,68.5,-7.0,34.4,16.2,⚠️ تصريف/توزيع,0.0,12.0,9.2,10.0,0.0,15.0,💧 حجم أيام الصعود أعلى من النزول بنسبة 2.3x خلال 10 جلسات | 🔄 ارتداد من تشبع بيع: RSI عند 34 ويتجه للصعود | 🕯️ شمعة انعكاسية صعودية (ذيل سفلي طويل + إغلاق قوي) خلال آخر 3 جلسات | 📊 تقاطع MACD صعودي حديث (زخم إيجابي متجدد) | ⚠️ تحذير تصريف: تدفق نقدي سلبي (CMF≈-0.28) رغم ارتفاع السعر مؤخراً
104,3092,أسمنت الرياض,المواد الأساسية,22.52,-2.8,47.3,15.8,👀 متابعة,8.6,7.2,0.0,0.0,0.0,0.0,📦 تدفق نقدي إيجابي مستمر (CMF≈+0.07) يدل على تجميع
105,4332,جدوى ريت الحرمين,صناديق ريت,4.89,-1.8,44.1,15.8,👀 متابعة,9.7,5.8,0.4,0.0,0.0,0.0,📦 تدفق نقدي إيجابي مستمر (CMF≈+0.09) يدل على تجميع
106,6040,تبوك الزراعية,إنتاج الأغذية,6.73,3.9,41.4,15.6,⚠️ تصريف/توزيع,15.0,0.0,0.6,0.0,10.0,10.0,📈 مؤشر OBV في صعود مستمر خلال 20 جلسة مع تماسك سعري هادئ (تجميع بصمت) | 📐 ترتيب صاعد للمتوسطات: السعر > متوسط 50 > متوسط 100 يوم | ⚠️ هيمنة حجم أيام النزول على الصعود (نسبة 0.2x) - ضغط بيعي
107,1183,سهل,الخدمات المالية,14.64,-2.7,40.9,15.0,👀 متابعة,2.3,12.0,0.7,0.0,0.0,0.0,💧 حجم أيام الصعود أعلى من النزول بنسبة 2.8x خلال 10 جلسات
108,4180,مجموعة فتيحي,السلع طويلة الأجل,2.4,0.0,40.0,14.9,👀 متابعة,8.0,1.1,5.8,0.0,0.0,0.0,📈 مؤشر OBV في صعود مستمر خلال 20 جلسة مع تماسك سعري هادئ (تجميع بصمت) | 🕯️ شمعة انعكاسية صعودية (ذيل سفلي طويل + إغلاق قوي) خلال آخر 3 جلسات
109,2080,الغاز,المرافق العامة,67.3,-6.9,30.9,14.8,👀 متابعة,0.0,9.1,5.6,0.0,0.0,0.0,💧 حجم أيام الصعود أعلى من النزول بنسبة 1.5x خلال 10 جلسات | 🔄 ارتداد من تشبع بيع: RSI عند 31 ويتجه للصعود
110,2270,سدافكو,إنتاج الأغذية,208.0,-5.0,31.0,14.8,⚠️ تصريف/توزيع,9.1,5.6,7.2,0.0,0.0,7.2,📦 تدفق نقدي إيجابي مستمر (CMF≈+0.08) يدل على تجميع | 🔊 تسارع نشاط التداول: متوسط 5 أيام أعلى من متوسط 20 يوماً بـ1.5x | 🕯️ شمعة انعكاسية صعودية (ذيل سفلي طويل + إغلاق قوي) خلال آخر 3 جلسات | ⚠️ هيمنة حجم أيام النزول على الصعود (نسبة 0.4x) - ضغط بيعي
111,2250,المجموعة السعودية,المواد الأساسية,13.17,-5.3,44.4,14.7,⚠️ تصريف/توزيع,0.0,14.0,0.2,10.0,0.0,9.5,💧 حجم أيام الصعود أعلى من النزول بنسبة 1.3x خلال 10 جلسات | 🔊 تسارع نشاط التداول: متوسط 5 أيام أعلى من متوسط 20 يوماً بـ1.7x | 📊 تقاطع MACD صعودي حديث (زخم إيجابي متجدد) | ⚠️ تحذير تصريف: تدفق نقدي سلبي (CMF≈-0.12) رغم ارتفاع السعر مؤخراً
112,2081,الخريف,المرافق العامة,106.5,-7.7,34.6,14.7,🔄 ارتداد من تشبع بيع,0.0,5.5,9.2,0.0,0.0,0.0,🔊 تسارع نشاط التداول: متوسط 5 أيام أعلى من متوسط 20 يوماً بـ1.3x | 🔄 ارتداد من تشبع بيع: RSI عند 35 ويتجه للصعود | 🕯️ شمعة انعكاسية صعودية (ذيل سفلي طويل + إغلاق قوي) خلال آخر 3 جلسات
113,4083,تسهيل,الخدمات المالية,29.36,-17.6,21.4,14.5,🔄 ارتداد من تشبع بيع,0.0,0.7,14.5,0.0,0.0,0.7,🔄 ارتداد من تشبع بيع: RSI عند 21 ويتجه للصعود | 🕯️ شمعة انعكاسية صعودية (ذيل سفلي طويل + إغلاق قوي) خلال آخر 3 جلسات | ⚠️ هيمنة حجم أيام النزول على الصعود (نسبة 0.7x) - ضغط بيعي
114,4008,ساكو,تجزئة السلع الكمالية,22.3,-3.5,39.9,14.5,👀 متابعة,7.0,1.6,5.8,0.0,0.0,0.0,🕯️ شمعة انعكاسية صعودية (ذيل سفلي طويل + إغلاق قوي) خلال آخر 3 جلسات
115,4071,العربية,الإعلام والترفيه,83.9,-8.6,27.1,14.4,👀 متابعة,0.1,11.4,2.9,0.0,0.0,0.0,💧 حجم أيام الصعود أعلى من النزول بنسبة 1.5x خلال 10 جلسات | ⏳ تشبع بيع واضح: RSI عند 27 (بانتظار تأكيد الارتداد)
116,8010,التعاونية,التأمين,140.3,-8.1,45.3,14.4,👀 متابعة,0.0,9.4,5.0,0.0,0.0,0.0,💧 حجم أيام الصعود أعلى من النزول بنسبة 1.5x خلال 10 جلسات | 🕯️ شمعة انعكاسية صعودية (ذيل سفلي طويل + إغلاق قوي) خلال آخر 3 جلسات
117,4345,الإنماء ريت للتجزئة,صناديق ريت,4.8,-1.6,47.5,13.8,👀 متابعة,4.6,4.2,5.0,0.0,0.0,0.0,🕯️ شمعة انعكاسية صعودية (ذيل سفلي طويل + إغلاق قوي) خلال آخر 3 جلسات
118,7202,سلوشنز,التطبيقات وخدمات التقنية,202.0,-3.2,40.4,13.4,👀 متابعة,0.0,2.7,5.7,5.0,0.0,0.0,🕯️ شمعة انعكاسية صعودية (ذيل سفلي طويل + إغلاق قوي) خلال آخر 3 جلسات
119,4210,الأبحاث والإعلام,الإعلام والترفيه,63.7,-11.5,32.4,13.3,👀 متابعة,0.0,8.3,5.0,0.0,0.0,0.0,🔊 تسارع نشاط التداول: متوسط 5 أيام أعلى من متوسط 20 يوماً بـ1.6x | 🔄 ارتداد من تشبع بيع: RSI عند 32 ويتجه للصعود
120,1212,أسترا الصناعية,السلع الرأسمالية,125.9,-5.0,35.8,13.3,👀 متابعة,8.6,3.2,1.5,0.0,0.0,0.0,📦 تدفق نقدي إيجابي مستمر (CMF≈+0.07) يدل على تجميع
121,4002,المواساة,الرعاية الصحية,60.25,-4.4,35.7,13.2,👀 متابعة,0.0,4.4,8.7,0.0,0.0,0.0,🔄 ارتداد من تشبع بيع: RSI عند 36 ويتجه للصعود | 🕯️ شمعة انعكاسية صعودية (ذيل سفلي طويل + إغلاق قوي) خلال آخر 3 جلسات
122,2082,أكوا,المرافق العامة,194.0,-2.3,55.2,13.1,⚠️ تصريف/توزيع,1.1,4.0,5.0,0.0,10.0,6.9,🕯️ شمعة انعكاسية صعودية (ذيل سفلي طويل + إغلاق قوي) خلال آخر 3 جلسات | 📐 ترتيب صاعد للمتوسطات: السعر > متوسط 50 > متوسط 100 يوم | ⚠️ تحذير تصريف: تدفق نقدي سلبي (CMF≈-0.08) رغم ارتفاع السعر مؤخراً
123,1010,الرياض,البنوك,21.08,2.8,60.1,12.8,⚠️ تصريف/توزيع,6.8,5.0,0.0,10.0,5.0,14.0,📈 مؤشر OBV في صعود مستمر خلال 20 جلسة مع تماسك سعري هادئ (تجميع بصمت) | 👀 السهم يقترب من اختراق قمة 20 جلسة | 📐 السعر أعلى من المتوسط المتحرك 50 يوم | ⚠️ تحذير تصريف: تدفق نقدي سلبي (CMF≈-0.19) رغم ارتفاع السعر مؤخراً
124,6017,جاهز,الخدمات الاستهلاكية,12.02,-12.4,30.4,12.6,🔄 ارتداد من تشبع بيع,0.0,1.7,10.8,0.0,0.0,0.0,🔄 ارتداد من تشبع بيع: RSI عند 30 ويتجه للصعود | 🕯️ شمعة انعكاسية صعودية (ذيل سفلي طويل + إغلاق قوي) خلال آخر 3 جلسات
125,2320,البابطين,السلع الرأسمالية,60.75,-10.5,39.2,12.6,👀 متابعة,0.0,5.3,7.3,0.0,0.0,0.0,🔄 ارتداد من تشبع بيع: RSI عند 39 ويتجه للصعود | 🕯️ شمعة انعكاسية صعودية (ذيل سفلي طويل + إغلاق قوي) خلال آخر 3 جلسات
126,2120,متطورة,الخدمات المالية,15.68,-3.2,34.7,12.5,👀 متابعة,3.5,2.3,6.6,0.0,0.0,0.0,🕯️ شمعة انعكاسية صعودية (ذيل سفلي طويل + إغلاق قوي) خلال آخر 3 جلسات
127,2110,الكابلات السعودية,السلع الرأسمالية,159.4,-6.2,46.5,12.4,👀 متابعة,0.0,12.4,0.0,0.0,0.0,0.0,💧 حجم أيام الصعود أعلى من النزول بنسبة 1.3x خلال 10 جلسات | 🔊 تسارع نشاط التداول: متوسط 5 أيام أعلى من متوسط 20 يوماً بـ1.5x
128,8030,ميدغلف للتأمين,التأمين,15.56,-4.6,47.6,12.2,👀 متابعة,0.0,2.2,0.0,0.0,10.0,0.0,📐 ترتيب صاعد للمتوسطات: السعر > متوسط 50 > متوسط 100 يوم
129,1150,الإنماء,البنوك,23.8,-4.8,42.2,12.1,👀 متابعة,0.0,6.9,5.4,0.0,0.0,0.3,🔊 تسارع نشاط التداول: متوسط 5 أيام أعلى من متوسط 20 يوماً بـ1.6x | 🕯️ شمعة انعكاسية صعودية (ذيل سفلي طويل + إغلاق قوي) خلال آخر 3 جلسات | ⚠️ هيمنة حجم أيام النزول على الصعود (نسبة 0.7x) - ضغط بيعي
130,6001,حلواني إخوان,إنتاج الأغذية,31.02,-3.4,41.5,12.0,👀 متابعة,12.9,0.0,1.4,0.0,0.0,2.4,📈 مؤشر OBV في صعود مستمر خلال 20 جلسة مع تماسك سعري هادئ (تجميع بصمت) | ⚠️ هيمنة حجم أيام النزول على الصعود (نسبة 0.6x) - ضغط بيعي
131,4163,الدواء,تجزئة السلع الاستهلاكية,40.4,-6.9,25.4,12.0,👀 متابعة,0.0,3.9,8.1,0.0,0.0,0.0,⏳ تشبع بيع واضح: RSI عند 25 (بانتظار تأكيد الارتداد) | 🕯️ شمعة انعكاسية صعودية (ذيل سفلي طويل + إغلاق قوي) خلال آخر 3 جلسات
132,4031,الخدمات الأرضية,النقل,27.8,-11.3,28.8,12.0,👀 متابعة,0.0,5.6,6.5,0.0,0.0,0.0,🔊 تسارع نشاط التداول: متوسط 5 أيام أعلى من متوسط 20 يوماً بـ1.3x | 🔄 ارتداد من تشبع بيع: RSI عند 29 ويتجه للصعود
133,4019,اس ام سي للرعاية الصحية,الرعاية الصحية,15.53,-8.5,23.8,11.9,👀 متابعة,0.0,3.4,8.5,0.0,0.0,0.0,🔄 ارتداد من تشبع بيع: RSI عند 24 ويتجه للصعود
134,6018,الأندية للرياضة,الخدمات الاستهلاكية,6.69,-3.0,42.5,11.9,👀 متابعة,3.2,2.7,6.0,0.0,0.0,0.0,🕯️ شمعة انعكاسية صعودية (ذيل سفلي طويل + إغلاق قوي) خلال آخر 3 جلسات
135,4263,سال,النقل,164.6,-8.2,34.2,11.7,⚠️ تصريف/توزيع,6.6,5.7,9.3,0.0,0.0,9.9,🔊 تسارع نشاط التداول: متوسط 5 أيام أعلى من متوسط 20 يوماً بـ1.5x | 🔄 ارتداد من تشبع بيع: RSI عند 34 ويتجه للصعود | 🕯️ شمعة انعكاسية صعودية (ذيل سفلي طويل + إغلاق قوي) خلال آخر 3 جلسات | ⚠️ هيمنة حجم أيام النزول على الصعود (نسبة 0.3x) - ضغط بيعي
136,1120,الراجحي,البنوك,63.95,-3.6,34.9,11.7,👀 متابعة,0.0,5.0,6.6,0.0,0.0,0.0,🔊 تسارع نشاط التداول: متوسط 5 أيام أعلى من متوسط 20 يوماً بـ1.2x | 🕯️ شمعة انعكاسية صعودية (ذيل سفلي طويل + إغلاق قوي) خلال آخر 3 جلسات
137,1820,بان,الخدمات الاستهلاكية,2.05,-2.4,49.5,11.6,👀 متابعة,0.0,1.6,0.0,0.0,10.0,0.0,📐 ترتيب صاعد للمتوسطات: السعر > متوسط 50 > متوسط 100 يوم
138,2083,مرافق,المرافق العامة,37.26,-2.8,48.2,11.5,👀 متابعة,3.3,8.2,0.0,0.0,0.0,0.0,🔊 تسارع نشاط التداول: متوسط 5 أيام أعلى من متوسط 20 يوماً بـ1.3x
139,4140,صادرات,السلع الرأسمالية,2.33,-0.9,48.3,11.5,👀 متابعة,3.0,9.3,5.0,0.0,0.0,5.8,💧 حجم أيام الصعود أعلى من النزول بنسبة 1.5x خلال 10 جلسات | 🕯️ شمعة انعكاسية صعودية (ذيل سفلي طويل + إغلاق قوي) خلال آخر 3 جلسات | ⚠️ تحذير تصريف: تدفق نقدي سلبي (CMF≈-0.06) رغم ارتفاع السعر مؤخراً
140,4322,رتال,تطوير عقاري,11.2,-8.9,34.0,11.5,👀 متابعة,0.0,7.1,4.4,0.0,0.0,0.0,🔊 تسارع نشاط التداول: متوسط 5 أيام أعلى من متوسط 20 يوماً بـ1.2x | 🔄 ارتداد من تشبع بيع: RSI عند 34 ويتجه للصعود
141,2382,أديس,الطاقة,18.0,-3.9,35.9,11.3,👀 متابعة,3.9,0.4,8.7,0.0,0.0,1.6,🔄 ارتداد من تشبع بيع: RSI عند 36 ويتجه للصعود | 🕯️ شمعة انعكاسية صعودية (ذيل سفلي طويل + إغلاق قوي) خلال آخر 3 جلسات | ⚠️ هيمنة حجم أيام النزول على الصعود (نسبة 0.6x) - ضغط بيعي
142,4080,سناد القابضة,إنتاج الأغذية,8.19,-6.8,33.4,11.3,👀 متابعة,12.4,0.0,1.9,0.0,0.0,3.0,📈 مؤشر OBV في صعود مستمر خلال 20 جلسة | ⚠️ هيمنة حجم أيام النزول على الصعود (نسبة 0.6x) - ضغط بيعي
143,6060,الشرقية للتنمية,إنتاج الأغذية,14.33,7.1,48.0,11.2,👀 متابعة,0.0,1.2,0.0,0.0,10.0,0.0,📐 ترتيب صاعد للمتوسطات: السعر > متوسط 50 > متوسط 100 يوم
144,4333,تعليم ريت,صناديق ريت,10.32,-5.1,33.9,11.2,⚠️ تصريف/توزيع,15.0,1.0,1.8,0.0,0.0,6.5,📦 تدفق نقدي إيجابي مستمر (CMF≈+0.25) يدل على تجميع | ⚠️ هيمنة حجم أيام النزول على الصعود (نسبة 0.4x) - ضغط بيعي
145,2030,المصافي,الطاقة,48.7,4.7,45.4,11.2,⚠️ تصريف/توزيع,11.2,0.0,0.0,0.0,10.0,10.0,📈 مؤشر OBV في صعود مستمر خلال 20 جلسة | 📐 ترتيب صاعد للمتوسطات: السعر > متوسط 50 > متوسط 100 يوم | ⚠️ هيمنة حجم أيام النزول على الصعود (نسبة 0.3x) - ضغط بيعي
146,4260,بدجت السعودية,النقل,28.82,-8.1,34.0,10.8,⚠️ تصريف/توزيع,0.0,0.0,9.4,10.0,0.0,8.6,🔄 ارتداد من تشبع بيع: RSI عند 34 ويتجه للصعود | 🕯️ شمعة انعكاسية صعودية (ذيل سفلي طويل + إغلاق قوي) خلال آخر 3 جلسات | 📊 تقاطع MACD صعودي حديث (زخم إيجابي متجدد) | ⚠️ هيمنة حجم أيام النزول على الصعود (نسبة 0.4x) - ضغط بيعي
147,2283,المطاحن الأولى,إنتاج الأغذية,51.7,-4.3,43.2,10.7,⚠️ تصريف/توزيع,15.0,0.0,5.7,0.0,0.0,10.0,📦 تدفق نقدي إيجابي مستمر (CMF≈+0.28) يدل على تجميع | 🕯️ شمعة انعكاسية صعودية (ذيل سفلي طويل + إغلاق قوي) خلال آخر 3 جلسات | ⚠️ هيمنة حجم أيام النزول على الصعود (نسبة 0.2x) - ضغط بيعي
148,6019,المسار الشامل,الخدمات الاستهلاكية,22.8,-4.5,42.4,10.5,⚠️ تصريف/توزيع,6.9,3.2,0.4,0.0,10.0,10.0,📐 ترتيب صاعد للمتوسطات: السعر > متوسط 50 > متوسط 100 يوم | ⚠️ هيمنة حجم أيام النزول على الصعود (نسبة 0.2x) - ضغط بيعي
149,1302,بوان,السلع الرأسمالية,35.86,-9.5,28.6,10.4,👀 متابعة,0.0,3.9,6.5,0.0,0.0,0.0,🔄 ارتداد من تشبع بيع: RSI عند 29 ويتجه للصعود
150,3030,أسمنت السعودية,المواد الأساسية,29.56,-5.0,34.7,10.4,⚠️ تصريف/توزيع,0.0,1.2,9.1,10.0,0.0,10.0,🔄 ارتداد من تشبع بيع: RSI عند 35 ويتجه للصعود | 🕯️ شمعة انعكاسية صعودية (ذيل سفلي طويل + إغلاق قوي) خلال آخر 3 جلسات | 📊 تقاطع MACD صعودي حديث (زخم إيجابي متجدد) | ⚠️ هيمنة حجم أيام النزول على الصعود (نسبة 0.3x) - ضغط بيعي
151,3008,الكثيري,المواد الأساسية,1.38,-14.3,15.9,10.3,🔄 ارتداد من تشبع بيع,0.0,0.0,15.0,0.0,0.0,4.7,🔄 ارتداد من تشبع بيع: RSI عند 16 ويتجه للصعود | 🕯️ شمعة انعكاسية صعودية (ذيل سفلي طويل + إغلاق قوي) خلال آخر 3 جلسات | ⚠️ هيمنة حجم أيام النزول على الصعود (نسبة 0.5x) - ضغط بيعي
152,2150,زجاج,المواد الأساسية,36.12,0.7,50.9,10.1,⚠️ تصريف/توزيع,0.0,2.2,5.0,15.0,0.0,12.0,🕯️ شمعة انعكاسية صعودية (ذيل سفلي طويل + إغلاق قوي) خلال آخر 3 جلسات | 👀 السهم يقترب من اختراق قمة 20 جلسة | 📊 تقاطع MACD صعودي حديث (زخم إيجابي متجدد) | ⚠️ تحذير تصريف: تدفق نقدي سلبي (CMF≈-0.11) رغم ارتفاع السعر مؤخراً | ⚠️ هيمنة حجم أيام النزول على الصعود (نسبة 0.6x) - ضغط بيعي
153,2001,كيمانول,المواد الأساسية,39.88,349.6,99.9,10.0,⚠️ تصريف/توزيع,0.0,0.0,0.0,10.0,10.0,10.0,👀 السهم يقترب من اختراق قمة 20 جلسة | 📐 ترتيب صاعد للمتوسطات: السعر > متوسط 50 > متوسط 100 يوم | ⚠️ هيمنة حجم أيام النزول على الصعود (نسبة 0.0x) - ضغط بيعي
154,4261,ذيب,النقل,22.51,-5.3,32.5,9.9,👀 متابعة,0.0,0.7,5.0,5.0,0.0,0.8,🔄 ارتداد من تشبع بيع: RSI عند 32 ويتجه للصعود | ⚠️ هيمنة حجم أيام النزول على الصعود (نسبة 0.7x) - ضغط بيعي
155,3060,أسمنت ينبع,المواد الأساسية,15.23,-1.7,46.4,9.9,⚠️ تصريف/توزيع,7.6,1.0,0.0,10.0,0.0,8.6,📦 تدفق نقدي إيجابي مستمر (CMF≈+0.05) يدل على تجميع | 📊 تقاطع MACD صعودي حديث (زخم إيجابي متجدد) | ⚠️ هيمنة حجم أيام النزول على الصعود (نسبة 0.4x) - ضغط بيعي
156,2100,وفرة,إنتاج الأغذية,20.92,-1.1,42.2,9.4,👀 متابعة,3.2,0.0,0.4,0.0,10.0,4.2,📐 ترتيب صاعد للمتوسطات: السعر > متوسط 50 > متوسط 100 يوم | ⚠️ هيمنة حجم أيام النزول على الصعود (نسبة 0.5x) - ضغط بيعي
157,6016,برغرايززر,الخدمات الاستهلاكية,7.16,-3.4,29.9,9.4,🔄 ارتداد من تشبع بيع,0.1,0.2,11.1,0.0,0.0,2.0,🔄 ارتداد من تشبع بيع: RSI عند 30 ويتجه للصعود | 🕯️ شمعة انعكاسية صعودية (ذيل سفلي طويل + إغلاق قوي) خلال آخر 3 جلسات | ⚠️ هيمنة حجم أيام النزول على الصعود (نسبة 0.6x) - ضغط بيعي
158,4240,سينومي ريتيل,تجزئة السلع الكمالية,12.36,-10.8,31.3,9.3,🔄 ارتداد من تشبع بيع,0.0,0.4,10.5,0.0,0.0,1.6,🔄 ارتداد من تشبع بيع: RSI عند 31 ويتجه للصعود | 🕯️ شمعة انعكاسية صعودية (ذيل سفلي طويل + إغلاق قوي) خلال آخر 3 جلسات | ⚠️ هيمنة حجم أيام النزول على الصعود (نسبة 0.6x) - ضغط بيعي
159,4191,أبو معطي,تجزئة السلع الكمالية,41.12,-8.9,41.8,9.1,👀 متابعة,0.0,8.5,0.5,0.0,0.0,0.0,🔊 تسارع نشاط التداول: متوسط 5 أيام أعلى من متوسط 20 يوماً بـ1.6x
160,4220,إعمار,تطوير عقاري,9.82,-2.3,46.0,8.8,⚠️ تصريف/توزيع,1.6,17.2,0.0,5.0,0.0,15.0,💧 حجم أيام الصعود أعلى من النزول بنسبة 2.0x خلال 10 جلسات | 🔊 تسارع نشاط التداول: متوسط 5 أيام أعلى من متوسط 20 يوماً بـ1.4x | ⚠️ تحذير تصريف: تدفق نقدي سلبي (CMF≈-0.48) رغم ارتفاع السعر مؤخراً
161,7030,زين السعودية,الاتصالات,10.18,-4.0,35.3,8.8,⚠️ تصريف/توزيع,0.0,9.5,8.9,5.0,0.0,14.6,💧 حجم أيام الصعود أعلى من النزول بنسبة 1.5x خلال 10 جلسات | 🔄 ارتداد من تشبع بيع: RSI عند 35 ويتجه للصعود | 🕯️ شمعة انعكاسية صعودية (ذيل سفلي طويل + إغلاق قوي) خلال آخر 3 جلسات | ⚠️ تحذير تصريف: تدفق نقدي سلبي (CMF≈-0.19) رغم ارتفاع السعر مؤخراً
162,3050,أسمنت الجنوب,المواد الأساسية,19.11,-1.3,38.9,8.7,👀 متابعة,0.0,1.3,2.4,5.0,0.0,0.0,🔄 ارتداد من تشبع بيع: RSI عند 39 ويتجه للصعود
163,4290,الخليج للتدريب,الخدمات الاستهلاكية,13.72,-9.9,32.1,8.7,🔄 ارتداد من تشبع بيع,0.0,0.3,10.2,0.0,0.0,1.8,🔄 ارتداد من تشبع بيع: RSI عند 32 ويتجه للصعود | 🕯️ شمعة انعكاسية صعودية (ذيل سفلي طويل + إغلاق قوي) خلال آخر 3 جلسات | ⚠️ هيمنة حجم أيام النزول على الصعود (نسبة 0.6x) - ضغط بيعي
164,1832,صدر,الخدمات التجارية والمهنية,2.51,-5.3,35.3,8.5,👀 متابعة,0.1,6.8,1.6,0.0,0.0,0.0,💧 حجم أيام الصعود أعلى من النزول بنسبة 1.3x خلال 10 جلسات
165,4017,فقيه الطبية,الرعاية الصحية,34.48,-7.6,34.4,8.5,👀 متابعة,0.0,4.2,4.2,0.0,0.0,0.0,🔄 ارتداد من تشبع بيع: RSI عند 34 ويتجه للصعود
166,2220,معدنية,المواد الأساسية,11.88,-1.3,42.8,8.3,👀 متابعة,7.1,0.8,0.9,0.0,0.0,0.5,⚠️ هيمنة حجم أيام النزول على الصعود (نسبة 0.7x) - ضغط بيعي
167,2060,التصنيع,المواد الأساسية,9.04,-2.4,39.3,8.2,👀 متابعة,0.1,0.3,7.3,5.0,0.0,4.5,🔄 ارتداد من تشبع بيع: RSI عند 39 ويتجه للصعود | 🕯️ شمعة انعكاسية صعودية (ذيل سفلي طويل + إغلاق قوي) خلال آخر 3 جلسات | ⚠️ هيمنة حجم أيام النزول على الصعود (نسبة 0.5x) - ضغط بيعي
168,8190,المتحدة للتأمين,التأمين,3.15,-1.6,41.9,8.2,👀 متابعة,3.5,0.5,5.5,0.0,0.0,1.3,🕯️ شمعة انعكاسية صعودية (ذيل سفلي طويل + إغلاق قوي) خلال آخر 3 جلسات | ⚠️ هيمنة حجم أيام النزول على الصعود (نسبة 0.6x) - ضغط بيعي
169,8311,عناية,التأمين,9.27,-14.6,39.7,8.2,👀 متابعة,0.0,6.1,2.1,0.0,0.0,0.0,🔊 تسارع نشاط التداول: متوسط 5 أيام أعلى من متوسط 20 يوماً بـ1.3x | 🔄 ارتداد من تشبع بيع: RSI عند 40 ويتجه للصعود
170,2330,المتقدمة,المواد الأساسية,23.12,-7.2,42.3,8.1,⚠️ تصريف/توزيع,0.0,12.0,6.1,5.0,0.0,15.0,💧 حجم أيام الصعود أعلى من النزول بنسبة 2.3x خلال 10 جلسات | 🕯️ شمعة انعكاسية صعودية (ذيل سفلي طويل + إغلاق قوي) خلال آخر 3 جلسات | ⚠️ تحذير تصريف: تدفق نقدي سلبي (CMF≈-0.25) رغم ارتفاع السعر مؤخراً
171,3003,أسمنت المدينة,المواد الأساسية,10.45,-7.6,27.3,8.1,🔄 ارتداد من تشبع بيع,0.0,0.5,12.1,0.0,0.0,4.5,🔄 ارتداد من تشبع بيع: RSI عند 27 ويتجه للصعود | 🕯️ شمعة انعكاسية صعودية (ذيل سفلي طويل + إغلاق قوي) خلال آخر 3 جلسات | ⚠️ هيمنة حجم أيام النزول على الصعود (نسبة 0.5x) - ضغط بيعي
172,4006,أسواق المزرعة,تجزئة السلع الاستهلاكية,12.89,0.4,46.3,8.1,👀 متابعة,0.0,3.1,5.0,0.0,0.0,0.0,🕯️ شمعة انعكاسية صعودية (ذيل سفلي طويل + إغلاق قوي) خلال آخر 3 جلسات
173,4230,البحر الأحمر,تطوير عقاري,24.82,12.2,48.9,8.1,👀 متابعة,2.2,1.2,0.0,0.0,10.0,5.3,📐 ترتيب صاعد للمتوسطات: السعر > متوسط 50 > متوسط 100 يوم | ⚠️ تحذير تصريف: تدفق نقدي سلبي (CMF≈-0.06) رغم ارتفاع السعر مؤخراً
174,4170,شمس,الخدمات الاستهلاكية,15.3,-9.9,27.8,8.1,🔄 ارتداد من تشبع بيع,0.0,0.0,11.9,0.0,0.0,3.8,🔄 ارتداد من تشبع بيع: RSI عند 28 ويتجه للصعود | 🕯️ شمعة انعكاسية صعودية (ذيل سفلي طويل + إغلاق قوي) خلال آخر 3 جلسات | ⚠️ هيمنة حجم أيام النزول على الصعود (نسبة 0.5x) - ضغط بيعي
175,1060,الأول,البنوك,33.3,-0.7,58.9,8.0,⚠️ تصريف/توزيع,0.0,8.0,5.0,5.0,5.0,15.0,💧 حجم أيام الصعود أعلى من النزول بنسبة 1.4x خلال 10 جلسات | 🕯️ شمعة انعكاسية صعودية (ذيل سفلي طويل + إغلاق قوي) خلال آخر 3 جلسات | 📐 السعر أعلى من المتوسط المتحرك 50 يوم | ⚠️ تحذير تصريف: تدفق نقدي سلبي (CMF≈-0.22) رغم ارتفاع السعر مؤخراً
176,4018,الموسى,الرعاية الصحية,116.7,-1.6,41.6,7.9,👀 متابعة,2.2,2.3,6.4,0.0,0.0,3.0,🕯️ شمعة انعكاسية صعودية (ذيل سفلي طويل + إغلاق قوي) خلال آخر 3 جلسات | ⚠️ هيمنة حجم أيام النزول على الصعود (نسبة 0.6x) - ضغط بيعي
177,3002,أسمنت نجران,المواد الأساسية,5.7,-1.4,42.0,7.8,👀 متابعة,0.0,1.6,6.2,0.0,0.0,0.0,🕯️ شمعة انعكاسية صعودية (ذيل سفلي طويل + إغلاق قوي) خلال آخر 3 جلسات
178,8160,التأمين العربية,التأمين,8.38,2.2,46.3,7.0,👀 متابعة,0.0,2.0,5.0,0.0,0.0,0.0,🕯️ شمعة انعكاسية صعودية (ذيل سفلي طويل + إغلاق قوي) خلال آخر 3 جلسات
179,4327,الرمز,تطوير عقاري,52.0,-12.5,34.1,6.9,👀 متابعة,0.0,0.7,6.8,0.0,0.0,0.6,🕯️ شمعة انعكاسية صعودية (ذيل سفلي طويل + إغلاق قوي) خلال آخر 3 جلسات | ⚠️ هيمنة حجم أيام النزول على الصعود (نسبة 0.7x) - ضغط بيعي
180,2020,سابك للمغذيات الزراعية,المواد الأساسية,122.7,-2.7,41.6,6.7,👀 متابعة,4.9,0.1,1.4,5.0,0.0,4.8,⚠️ هيمنة حجم أيام النزول على الصعود (نسبة 0.5x) - ضغط بيعي
181,6050,الأسماك,إنتاج الأغذية,62.65,5.4,48.8,6.5,⚠️ تصريف/توزيع,3.6,0.0,0.0,0.0,10.0,7.1,📐 ترتيب صاعد للمتوسطات: السعر > متوسط 50 > متوسط 100 يوم | ⚠️ هيمنة حجم أيام النزول على الصعود (نسبة 0.4x) - ضغط بيعي
182,1211,معادن,المواد الأساسية,58.45,-2.7,47.1,6.1,⚠️ تصريف/توزيع,2.2,1.5,5.0,10.0,0.0,12.5,🕯️ شمعة انعكاسية صعودية (ذيل سفلي طويل + إغلاق قوي) خلال آخر 3 جلسات | 📊 تقاطع MACD صعودي حديث (زخم إيجابي متجدد) | ⚠️ تحذير تصريف: تدفق نقدي سلبي (CMF≈-0.06) رغم ارتفاع السعر مؤخراً | ⚠️ هيمنة حجم أيام النزول على الصعود (نسبة 0.4x) - ضغط بيعي
183,4347,بنيان ريت,صناديق ريت,10.11,0.3,56.3,6.0,⚠️ تصريف/توزيع,0.0,1.9,5.0,5.0,10.0,15.9,🕯️ شمعة انعكاسية صعودية (ذيل سفلي طويل + إغلاق قوي) خلال آخر 3 جلسات | 👀 السهم يقترب من اختراق قمة 20 جلسة | 📐 ترتيب صاعد للمتوسطات: السعر > متوسط 50 > متوسط 100 يوم | ⚠️ تحذير تصريف: تدفق نقدي سلبي (CMF≈-0.17) رغم ارتفاع السعر مؤخراً | ⚠️ هيمنة حجم أيام النزول على الصعود (نسبة 0.6x) - ضغط بيعي
184,4012,الأصيل,السلع طويلة الأجل,3.59,-3.0,35.5,6.0,👀 متابعة,2.4,2.1,1.5,0.0,0.0,0.0,لا توجد إشارات
185,1810,سيرا,الخدمات الاستهلاكية,20.75,-1.8,38.8,5.8,👀 متابعة,2.7,3.6,1.0,0.0,0.0,1.5,⚠️ هيمنة حجم أيام النزول على الصعود (نسبة 0.6x) - ضغط بيعي
186,6013,التطويرية الغذائية,الخدمات الاستهلاكية,94.1,-1.2,44.9,5.7,👀 متابعة,1.9,3.8,0.0,0.0,0.0,0.0,لا توجد إشارات
187,2360,الفخارية,المواد الأساسية,17.3,1.1,49.3,5.5,⚠️ تصريف/توزيع,4.7,10.9,0.0,0.0,5.0,15.0,📈 مؤشر OBV في صعود مستمر خلال 20 جلسة مع تماسك سعري هادئ (تجميع بصمت) | 💧 حجم أيام الصعود أعلى من النزول بنسبة 1.7x خلال 10 جلسات | 📐 السعر أعلى من المتوسط المتحرك 50 يوم | ⚠️ تحذير تصريف: تدفق نقدي سلبي (CMF≈-0.26) رغم ارتفاع السعر مؤخراً
188,8300,الوطنية,التأمين,12.54,-2.8,40.2,5.4,👀 متابعة,0.0,3.5,1.9,0.0,0.0,0.0,لا توجد إشارات
189,2160,أميانتيت,السلع الرأسمالية,12.53,-5.8,29.6,5.2,⚠️ تصريف/توزيع,3.9,0.0,11.2,0.0,0.0,9.9,🔄 ارتداد من تشبع بيع: RSI عند 30 ويتجه للصعود | 🕯️ شمعة انعكاسية صعودية (ذيل سفلي طويل + إغلاق قوي) خلال آخر 3 جلسات | ⚠️ هيمنة حجم أيام النزول على الصعود (نسبة 0.3x) - ضغط بيعي
190,4326,الماجدية,تطوير عقاري,6.81,-6.2,27.1,5.2,⚠️ تصريف/توزيع,0.0,0.0,12.2,0.0,0.0,7.0,🔄 ارتداد من تشبع بيع: RSI عند 27 ويتجه للصعود | 🕯️ شمعة انعكاسية صعودية (ذيل سفلي طويل + إغلاق قوي) خلال آخر 3 جلسات | ⚠️ هيمنة حجم أيام النزول على الصعود (نسبة 0.4x) - ضغط بيعي
191,4014,دار المعدات,الرعاية الصحية,27.8,-6.2,34.3,4.9,👀 متابعة,0.0,0.9,4.3,0.0,0.0,0.3,🔄 ارتداد من تشبع بيع: RSI عند 34 ويتجه للصعود | ⚠️ هيمنة حجم أيام النزول على الصعود (نسبة 0.7x) - ضغط بيعي
192,2284,المطاحن الحديثة,إنتاج الأغذية,28.54,-1.6,47.1,4.8,👀 متابعة,0.0,4.8,0.0,0.0,0.0,0.0,لا توجد إشارات
193,4321,سينومي سنترز,تطوير عقاري,16.2,-5.4,32.1,4.8,⚠️ تصريف/توزيع,4.7,0.0,10.2,0.0,0.0,10.0,🔄 ارتداد من تشبع بيع: RSI عند 32 ويتجه للصعود | 🕯️ شمعة انعكاسية صعودية (ذيل سفلي طويل + إغلاق قوي) خلال آخر 3 جلسات | ⚠️ هيمنة حجم أيام النزول على الصعود (نسبة 0.3x) - ضغط بيعي
194,2180,فيبكو,المواد الأساسية,32.1,0.0,57.7,4.7,⚠️ تصريف/توزيع,0.7,8.3,0.0,0.0,10.0,14.4,💧 حجم أيام الصعود أعلى من النزول بنسبة 1.4x خلال 10 جلسات | 📐 ترتيب صاعد للمتوسطات: السعر > متوسط 50 > متوسط 100 يوم | ⚠️ تحذير تصريف: تدفق نقدي سلبي (CMF≈-0.19) رغم ارتفاع السعر مؤخراً
195,1111,مجموعة تداول,الخدمات المالية,123.6,-7.7,24.2,4.6,⚠️ تصريف/توزيع,0.0,1.3,13.3,0.0,0.0,10.0,🔄 ارتداد من تشبع بيع: RSI عند 24 ويتجه للصعود | 🕯️ شمعة انعكاسية صعودية (ذيل سفلي طويل + إغلاق قوي) خلال آخر 3 جلسات | ⚠️ هيمنة حجم أيام النزول على الصعود (نسبة 0.1x) - ضغط بيعي
196,4004,دله الصحية,الرعاية الصحية,104.1,-7.1,36.4,4.4,⚠️ تصريف/توزيع,6.5,2.7,1.4,0.0,0.0,6.3,⚠️ هيمنة حجم أيام النزول على الصعود (نسبة 0.4x) - ضغط بيعي
197,4147,سي جي إس,السلع الرأسمالية,6.44,-2.0,32.7,4.3,👀 متابعة,1.4,0.0,2.0,5.0,0.0,4.1,⚠️ هيمنة حجم أيام النزول على الصعود (نسبة 0.5x) - ضغط بيعي
198,4323,سمو,تطوير عقاري,26.4,-7.7,29.6,4.3,👀 متابعة,0.0,1.8,2.5,0.0,0.0,0.0,⏳ تشبع بيع واضح: RSI عند 30 (بانتظار تأكيد الارتداد)
199,2084,مياهنا,المرافق العامة,12.9,-13.9,18.7,4.2,⚠️ تصريف/توزيع,0.0,4.2,10.0,0.0,0.0,10.0,🔊 تسارع نشاط التداول: متوسط 5 أيام أعلى من متوسط 20 يوماً بـ1.3x | 🔄 ارتداد من تشبع بيع: RSI عند 19 ويتجه للصعود | ⚠️ هيمنة حجم أيام النزول على الصعود (نسبة 0.3x) - ضغط بيعي
200,2310,سبكيم العالمية,المواد الأساسية,13.4,-8.8,30.2,4.1,⚠️ تصريف/توزيع,0.0,3.1,10.9,0.0,0.0,10.0,🔄 ارتداد من تشبع بيع: RSI عند 30 ويتجه للصعود | 🕯️ شمعة انعكاسية صعودية (ذيل سفلي طويل + إغلاق قوي) خلال آخر 3 جلسات | ⚠️ هيمنة حجم أيام النزول على الصعود (نسبة 0.3x) - ضغط بيعي
201,1304,اليمامة للحديد,المواد الأساسية,38.0,-7.0,34.1,4.0,⚠️ تصريف/توزيع,10.3,0.8,1.7,0.0,0.0,8.8,📦 تدفق نقدي إيجابي مستمر (CMF≈+0.11) يدل على تجميع | ⚠️ هيمنة حجم أيام النزول على الصعود (نسبة 0.3x) - ضغط بيعي
202,4001,أسواق ع العثيم,تجزئة السلع الاستهلاكية,5.18,-12.2,11.4,3.9,🔄 ارتداد من تشبع بيع,0.0,0.0,9.0,0.0,0.0,5.1,⏳ تشبع بيع واضح: RSI عند 11 (بانتظار تأكيد الارتداد) | 🕯️ شمعة انعكاسية صعودية (ذيل سفلي طويل + إغلاق قوي) خلال آخر 3 جلسات | ⚠️ هيمنة حجم أيام النزول على الصعود (نسبة 0.5x) - ضغط بيعي
203,2010,سابك,المواد الأساسية,52.9,-0.4,48.6,3.8,⚠️ تصريف/توزيع,0.0,8.8,5.0,5.0,0.0,15.0,💧 حجم أيام الصعود أعلى من النزول بنسبة 1.4x خلال 10 جلسات | 🕯️ شمعة انعكاسية صعودية (ذيل سفلي طويل + إغلاق قوي) خلال آخر 3 جلسات | ⚠️ تحذير تصريف: تدفق نقدي سلبي (CMF≈-0.28) رغم ارتفاع السعر مؤخراً
204,4349,الإنماء ريت الفندقي,صناديق ريت,8.12,-2.6,41.1,3.6,⚠️ تصريف/توزيع,2.5,0.8,6.5,0.0,0.0,6.3,🕯️ شمعة انعكاسية صعودية (ذيل سفلي طويل + إغلاق قوي) خلال آخر 3 جلسات | ⚠️ تحذير تصريف: تدفق نقدي سلبي (CMF≈-0.06) رغم ارتفاع السعر مؤخراً | ⚠️ هيمنة حجم أيام النزول على الصعود (نسبة 0.7x) - ضغط بيعي
205,1210,بي سي آي,المواد الأساسية,23.34,-1.7,39.7,3.5,👀 متابعة,0.0,1.4,2.1,0.0,0.0,0.0,🔄 ارتداد من تشبع بيع: RSI عند 40 ويتجه للصعود
206,4194,محطة البناء,تجزئة السلع الكمالية,42.16,-4.1,37.0,3.4,👀 متابعة,0.0,0.0,6.3,0.0,0.0,2.9,🕯️ شمعة انعكاسية صعودية (ذيل سفلي طويل + إغلاق قوي) خلال آخر 3 جلسات | ⚠️ هيمنة حجم أيام النزول على الصعود (نسبة 0.6x) - ضغط بيعي
207,3091,أسمنت الجوف,المواد الأساسية,4.91,-1.6,42.2,3.4,⚠️ تصريف/توزيع,6.0,1.3,6.1,0.0,0.0,10.0,🕯️ شمعة انعكاسية صعودية (ذيل سفلي طويل + إغلاق قوي) خلال آخر 3 جلسات | ⚠️ هيمنة حجم أيام النزول على الصعود (نسبة 0.2x) - ضغط بيعي
208,4330,الرياض ريت,صناديق ريت,4.85,-3.6,30.6,3.4,⚠️ تصريف/توزيع,8.4,2.7,2.3,0.0,0.0,10.0,📦 تدفق نقدي إيجابي مستمر (CMF≈+0.07) يدل على تجميع | ⚠️ هيمنة حجم أيام النزول على الصعود (نسبة 0.2x) - ضغط بيعي
209,4160,ثمار,تجزئة السلع الاستهلاكية,33.86,-5.5,41.2,3.2,👀 متابعة,0.0,1.7,1.5,0.0,0.0,0.0,لا توجد إشارات
210,1322,أماك,المواد الأساسية,71.0,-1.3,48.9,3.1,⚠️ تصريف/توزيع,0.0,13.1,0.0,5.0,0.0,15.0,💧 حجم أيام الصعود أعلى من النزول بنسبة 1.3x خلال 10 جلسات | 🔊 تسارع نشاط التداول: متوسط 5 أيام أعلى من متوسط 20 يوماً بـ1.5x | ⚠️ تحذير تصريف: تدفق نقدي سلبي (CMF≈-0.23) رغم ارتفاع السعر مؤخراً
211,1202,مبكو,المواد الأساسية,16.3,-6.9,31.9,3.1,👀 متابعة,0.0,0.1,5.2,0.0,0.0,2.3,🔄 ارتداد من تشبع بيع: RSI عند 32 ويتجه للصعود | ⚠️ هيمنة حجم أيام النزول على الصعود (نسبة 0.6x) - ضغط بيعي
212,4339,دراية ريت,صناديق ريت,5.48,-3.5,49.2,3.0,👀 متابعة,3.0,0.7,0.0,0.0,0.0,0.7,⚠️ هيمنة حجم أيام النزول على الصعود (نسبة 0.7x) - ضغط بيعي
213,1182,أملاك,الخدمات المالية,8.56,-3.7,39.8,2.9,⚠️ تصريف/توزيع,0.0,5.8,7.1,5.0,0.0,15.0,🔄 ارتداد من تشبع بيع: RSI عند 40 ويتجه للصعود | 🕯️ شمعة انعكاسية صعودية (ذيل سفلي طويل + إغلاق قوي) خلال آخر 3 جلسات | ⚠️ تحذير تصريف: تدفق نقدي سلبي (CMF≈-0.27) رغم ارتفاع السعر مؤخراً
214,4165,الماجد للعود,المنتجات المنزلية والشخصية,120.3,-12.7,28.3,2.8,⚠️ تصريف/توزيع,0.0,0.8,11.7,0.0,0.0,9.7,🔄 ارتداد من تشبع بيع: RSI عند 28 ويتجه للصعود | 🕯️ شمعة انعكاسية صعودية (ذيل سفلي طويل + إغلاق قوي) خلال آخر 3 جلسات | ⚠️ هيمنة حجم أيام النزول على الصعود (نسبة 0.3x) - ضغط بيعي
215,2210,نماء للكيماويات,المواد الأساسية,18.74,0.0,29.1,2.5,⚠️ تصريف/توزيع,0.0,0.0,2.5,10.0,0.0,10.0,⏳ تشبع بيع واضح: RSI عند 29 (بانتظار تأكيد الارتداد) | 👀 السهم يقترب من اختراق قمة 20 جلسة | ⚠️ هيمنة حجم أيام النزول على الصعود (نسبة 0.0x) - ضغط بيعي
216,6004,كاتريون,الخدمات التجارية والمهنية,73.05,-2.7,40.9,2.3,👀 متابعة,0.0,1.7,0.7,0.0,0.0,0.0,لا توجد إشارات
217,3004,أسمنت الشمالية,المواد الأساسية,6.55,-3.1,26.9,2.3,⚠️ تصريف/توزيع,0.0,0.0,12.3,0.0,0.0,10.0,🔄 ارتداد من تشبع بيع: RSI عند 27 ويتجه للصعود | 🕯️ شمعة انعكاسية صعودية (ذيل سفلي طويل + إغلاق قوي) خلال آخر 3 جلسات | ⚠️ هيمنة حجم أيام النزول على الصعود (نسبة 0.2x) - ضغط بيعي
218,4142,كابلات الرياض,السلع الرأسمالية,110.0,-13.0,38.9,2.3,👀 متابعة,0.0,3.6,2.4,0.0,0.0,3.8,🔊 تسارع نشاط التداول: متوسط 5 أيام أعلى من متوسط 20 يوماً بـ1.3x | 🔄 ارتداد من تشبع بيع: RSI عند 39 ويتجه للصعود | ⚠️ هيمنة حجم أيام النزول على الصعود (نسبة 0.5x) - ضغط بيعي
219,4050,ساسكو,تجزئة السلع الكمالية,40.0,-12.3,24.3,2.1,⚠️ تصريف/توزيع,0.0,3.8,8.3,0.0,0.0,10.0,🔊 تسارع نشاط التداول: متوسط 5 أيام أعلى من متوسط 20 يوماً بـ1.3x | ⏳ تشبع بيع واضح: RSI عند 24 (بانتظار تأكيد الارتداد) | 🕯️ شمعة انعكاسية صعودية (ذيل سفلي طويل + إغلاق قوي) خلال آخر 3 جلسات | ⚠️ هيمنة حجم أيام النزول على الصعود (نسبة 0.1x) - ضغط بيعي
220,4337,العزيزية ريت,صناديق ريت,4.96,-3.1,36.1,1.4,👀 متابعة,3.9,0.0,1.4,0.0,0.0,3.9,⚠️ هيمنة حجم أيام النزول على الصعود (نسبة 0.5x) - ضغط بيعي
221,2040,الخزف السعودي,السلع الرأسمالية,25.16,-3.9,41.9,1.3,⚠️ تصريف/توزيع,0.0,1.3,6.2,0.0,0.0,6.2,🕯️ شمعة انعكاسية صعودية (ذيل سفلي طويل + إغلاق قوي) خلال آخر 3 جلسات | ⚠️ هيمنة حجم أيام النزول على الصعود (نسبة 0.5x) - ضغط بيعي
222,4291,الوطنية للتعليم,الخدمات الاستهلاكية,125.7,-5.4,44.1,1.1,⚠️ تصريف/توزيع,0.0,2.3,5.4,0.0,0.0,6.6,🕯️ شمعة انعكاسية صعودية (ذيل سفلي طويل + إغلاق قوي) خلال آخر 3 جلسات | ⚠️ هيمنة حجم أيام النزول على الصعود (نسبة 0.4x) - ضغط بيعي
223,2050,مجموعة صافولا,إنتاج الأغذية,25.76,-14.1,33.1,0.8,⚠️ تصريف/توزيع,7.3,1.2,1.9,0.0,0.0,9.6,⚠️ هيمنة حجم أيام النزول على الصعود (نسبة 0.3x) - ضغط بيعي
224,8313,رسن,التأمين,136.7,-10.7,39.6,0.8,⚠️ تصريف/توزيع,0.0,8.7,7.2,0.0,0.0,15.0,💧 حجم أيام الصعود أعلى من النزول بنسبة 1.5x خلال 10 جلسات | 🔄 ارتداد من تشبع بيع: RSI عند 40 ويتجه للصعود | 🕯️ شمعة انعكاسية صعودية (ذيل سفلي طويل + إغلاق قوي) خلال آخر 3 جلسات | ⚠️ تحذير تصريف: تدفق نقدي سلبي (CMF≈-0.23) رغم ارتفاع السعر مؤخراً
225,4264,طيران ناس,النقل,50.0,-13.4,35.4,0.8,👀 متابعة,0.0,1.2,1.5,0.0,0.0,2.0,⚠️ هيمنة حجم أيام النزول على الصعود (نسبة 0.6x) - ضغط بيعي
226,4009,السعودي الألماني الصحية,الرعاية الصحية,30.28,-6.0,34.1,0.7,⚠️ تصريف/توزيع,0.3,0.0,6.7,0.0,0.0,6.3,🕯️ شمعة انعكاسية صعودية (ذيل سفلي طويل + إغلاق قوي) خلال آخر 3 جلسات | ⚠️ هيمنة حجم أيام النزول على الصعود (نسبة 0.4x) - ضغط بيعي
227,4161,بن داود,تجزئة السلع الاستهلاكية,4.64,-5.5,35.8,0.5,👀 متابعة,0.0,0.0,3.7,0.0,0.0,3.2,🔄 ارتداد من تشبع بيع: RSI عند 36 ويتجه للصعود | ⚠️ هيمنة حجم أيام النزول على الصعود (نسبة 0.6x) - ضغط بيعي
228,6002,هرفي للأغذية,الخدمات الاستهلاكية,13.75,-3.8,41.5,0.0,⚠️ تصريف/توزيع,1.6,0.0,1.4,0.0,0.0,8.0,⚠️ هيمنة حجم أيام النزول على الصعود (نسبة 0.4x) - ضغط بيعي
229,6012,ريدان,الخدمات الاستهلاكية,13.4,-6.6,37.9,0.0,⚠️ تصريف/توزيع,0.0,0.0,2.8,0.0,0.0,10.0,🔄 ارتداد من تشبع بيع: RSI عند 38 ويتجه للصعود | ⚠️ هيمنة حجم أيام النزول على الصعود (نسبة 0.1x) - ضغط بيعي
230,2090,جبسكو,المواد الأساسية,14.01,0.1,43.1,0.0,⚠️ تصريف/توزيع,0.0,0.0,5.7,0.0,0.0,10.0,🕯️ شمعة انعكاسية صعودية (ذيل سفلي طويل + إغلاق قوي) خلال آخر 3 جلسات | ⚠️ هيمنة حجم أيام النزول على الصعود (نسبة 0.3x) - ضغط بيعي
231,1213,نسيج,السلع طويلة الأجل,22.43,-11.8,51.7,0.0,⚠️ تصريف/توزيع,0.2,0.0,0.0,0.0,0.0,10.0,⚠️ هيمنة حجم أيام النزول على الصعود (نسبة 0.1x) - ضغط بيعي
232,2200,أنابيب,المواد الأساسية,6.63,-2.1,39.0,0.0,⚠️ تصريف/توزيع,0.8,0.0,6.0,0.0,0.0,10.0,🕯️ شمعة انعكاسية صعودية (ذيل سفلي طويل + إغلاق قوي) خلال آخر 3 جلسات | ⚠️ هيمنة حجم أيام النزول على الصعود (نسبة 0.1x) - ضغط بيعي
233,1320,أنابيب السعودية,المواد الأساسية,47.9,-9.2,37.4,0.0,⚠️ تصريف/توزيع,0.5,0.0,3.0,0.0,0.0,10.0,🔄 ارتداد من تشبع بيع: RSI عند 37 ويتجه للصعود | ⚠️ هيمنة حجم أيام النزول على الصعود (نسبة 0.2x) - ضغط بيعي
234,2381,الحفر العربية,الطاقة,90.0,-2.0,47.1,0.0,⚠️ تصريف/توزيع,0.0,1.5,0.0,0.0,0.0,6.8,⚠️ هيمنة حجم أيام النزول على الصعود (نسبة 0.4x) - ضغط بيعي
235,1301,أسلاك,المواد الأساسية,16.03,-1.3,39.9,0.0,⚠️ تصريف/توزيع,0.0,0.0,7.0,0.0,0.0,7.3,🔄 ارتداد من تشبع بيع: RSI عند 40 ويتجه للصعود | 🕯️ شمعة انعكاسية صعودية (ذيل سفلي طويل + إغلاق قوي) خلال آخر 3 جلسات | ⚠️ هيمنة حجم أيام النزول على الصعود (نسبة 0.4x) - ضغط بيعي
236,1201,تكوين,المواد الأساسية,4.27,-14.1,20.1,0.0,⚠️ تصريف/توزيع,0.0,1.9,4.0,0.0,0.0,10.0,⏳ تشبع بيع واضح: RSI عند 20 (بانتظار تأكيد الارتداد) | ⚠️ هيمنة حجم أيام النزول على الصعود (نسبة 0.3x) - ضغط بيعي
237,4262,لومي,النقل,29.68,-8.8,23.8,0.0,⚠️ تصريف/توزيع,0.0,1.7,3.4,0.0,0.0,10.0,⏳ تشبع بيع واضح: RSI عند 24 (بانتظار تأكيد الارتداد) | ⚠️ هيمنة حجم أيام النزول على الصعود (نسبة 0.2x) - ضغط بيعي
238,4193,نايس ون,تجزئة السلع الكمالية,12.4,-10.4,28.3,0.0,⚠️ تصريف/توزيع,0.0,0.0,2.7,0.0,0.0,10.0,⏳ تشبع بيع واضح: RSI عند 28 (بانتظار تأكيد الارتداد) | ⚠️ هيمنة حجم أيام النزول على الصعود (نسبة 0.3x) - ضغط بيعي
239,4051,باعظيم,تجزئة السلع الكمالية,5.49,0.4,40.7,0.0,⚠️ تصريف/توزيع,7.0,0.0,0.7,0.0,0.0,9.1,⚠️ هيمنة حجم أيام النزول على الصعود (نسبة 0.3x) - ضغط بيعي
240,4270,طباعة وتغليف,الخدمات التجارية والمهنية,6.92,-1.1,43.0,0.0,⚠️ تصريف/توزيع,0.0,2.8,5.3,0.0,0.0,15.0,🕯️ شمعة انعكاسية صعودية (ذيل سفلي طويل + إغلاق قوي) خلال آخر 3 جلسات | ⚠️ تحذير تصريف: تدفق نقدي سلبي (CMF≈-0.37) رغم ارتفاع السعر مؤخراً
241,1214,شاكر,السلع الرأسمالية,13.2,-3.2,39.9,0.0,⚠️ تصريف/توزيع,0.0,0.0,2.0,0.0,0.0,7.9,🔄 ارتداد من تشبع بيع: RSI عند 40 ويتجه للصعود | ⚠️ هيمنة حجم أيام النزول على الصعود (نسبة 0.4x) - ضغط بيعي
242,6014,الآمار,الخدمات الاستهلاكية,37.64,-5.3,37.8,0.0,⚠️ تصريف/توزيع,0.0,0.3,2.9,0.0,0.0,10.0,🔄 ارتداد من تشبع بيع: RSI عند 38 ويتجه للصعود | ⚠️ هيمنة حجم أيام النزول على الصعود (نسبة 0.2x) - ضغط بيعي
243,4021,المركز الكندي الطبي,الرعاية الصحية,5.3,-4.8,37.8,0.0,⚠️ تصريف/توزيع,0.0,0.0,6.2,0.0,0.0,10.0,🕯️ شمعة انعكاسية صعودية (ذيل سفلي طويل + إغلاق قوي) خلال آخر 3 جلسات | ⚠️ هيمنة حجم أيام النزول على الصعود (نسبة 0.1x) - ضغط بيعي
244,4143,تالكو,المواد الأساسية,30.9,-5.4,24.9,0.0,⚠️ تصريف/توزيع,0.0,0.8,8.0,0.0,0.0,10.0,🔄 ارتداد من تشبع بيع: RSI عند 25 ويتجه للصعود | ⚠️ هيمنة حجم أيام النزول على الصعود (نسبة 0.1x) - ضغط بيعي
245,4015,جمجوم فارما,الأدوية,142.4,-10.8,33.4,0.0,⚠️ تصريف/توزيع,0.0,0.0,6.9,0.0,0.0,7.4,🕯️ شمعة انعكاسية صعودية (ذيل سفلي طويل + إغلاق قوي) خلال آخر 3 جلسات | ⚠️ هيمنة حجم أيام النزول على الصعود (نسبة 0.4x) - ضغط بيعي
246,6010,نادك,إنتاج الأغذية,14.61,-8.6,24.5,0.0,⚠️ تصريف/توزيع,0.0,2.4,3.3,0.0,0.0,6.1,⏳ تشبع بيع واضح: RSI عند 25 (بانتظار تأكيد الارتداد) | ⚠️ هيمنة حجم أيام النزول على الصعود (نسبة 0.5x) - ضغط بيعي
247,6020,جاكو,إنتاج الأغذية,12.14,-2.6,40.2,0.0,👀 متابعة,0.5,0.0,0.8,0.0,0.0,5.2,⚠️ هيمنة حجم أيام النزول على الصعود (نسبة 0.5x) - ضغط بيعي
248,6070,الجوف,إنتاج الأغذية,41.54,-2.9,40.1,0.0,⚠️ تصريف/توزيع,0.0,0.0,1.9,0.0,0.0,9.9,⚠️ هيمنة حجم أيام النزول على الصعود (نسبة 0.3x) - ضغط بيعي
249,6090,جازادكو,إنتاج الأغذية,8.12,0.6,45.0,0.0,⚠️ تصريف/توزيع,0.0,0.0,0.0,0.0,0.0,10.0,⚠️ هيمنة حجم أيام النزول على الصعود (نسبة 0.2x) - ضغط بيعي
250,4007,الحمادي,الرعاية الصحية,26.72,-3.7,43.7,0.0,⚠️ تصريف/توزيع,0.0,8.6,0.5,0.0,0.0,13.8,💧 حجم أيام الصعود أعلى من النزول بنسبة 1.3x خلال 10 جلسات | ⚠️ تحذير تصريف: تدفق نقدي سلبي (CMF≈-0.18) رغم ارتفاع السعر مؤخراً
251,2140,أيان,الرعاية الصحية,10.42,-3.7,38.0,0.0,⚠️ تصريف/توزيع,0.0,0.0,2.8,0.0,0.0,8.6,🔄 ارتداد من تشبع بيع: RSI عند 38 ويتجه للصعود | ⚠️ هيمنة حجم أيام النزول على الصعود (نسبة 0.4x) - ضغط بيعي
252,4013,سليمان الحبيب,الرعاية الصحية,215.1,0.6,49.5,0.0,⚠️ تصريف/توزيع,1.4,7.8,0.0,5.0,0.0,15.0,💧 حجم أيام الصعود أعلى من النزول بنسبة 1.4x خلال 10 جلسات | ⚠️ تحذير تصريف: تدفق نقدي سلبي (CMF≈-0.27) رغم ارتفاع السعر مؤخراً
253,2288,نفوذ,إنتاج الأغذية,6.43,-13.9,21.1,0.0,⚠️ تصريف/توزيع,0.0,0.0,9.5,0.0,0.0,10.0,🔄 ارتداد من تشبع بيع: RSI عند 21 ويتجه للصعود | ⚠️ هيمنة حجم أيام النزول على الصعود (نسبة 0.1x) - ضغط بيعي
254,4081,النايفات,الخدمات المالية,9.41,-4.9,20.5,0.0,⚠️ تصريف/توزيع,0.0,0.0,8.9,0.0,0.0,10.0,⏳ تشبع بيع واضح: RSI عند 20 (بانتظار تأكيد الارتداد) | 🕯️ شمعة انعكاسية صعودية (ذيل سفلي طويل + إغلاق قوي) خلال آخر 3 جلسات | ⚠️ هيمنة حجم أيام النزول على الصعود (نسبة 0.1x) - ضغط بيعي
255,4016,أفالون فارما,الأدوية,59.8,-0.3,44.1,0.0,⚠️ تصريف/توزيع,4.1,0.0,5.2,0.0,0.0,9.5,🕯️ شمعة انعكاسية صعودية (ذيل سفلي طويل + إغلاق قوي) خلال آخر 3 جلسات | ⚠️ هيمنة حجم أيام النزول على الصعود (نسبة 0.3x) - ضغط بيعي
256,4141,العمران,السلع الرأسمالية,20.48,-4.5,39.3,0.0,⚠️ تصريف/توزيع,0.0,0.0,2.3,0.0,0.0,7.3,🔄 ارتداد من تشبع بيع: RSI عند 39 ويتجه للصعود | ⚠️ هيمنة حجم أيام النزول على الصعود (نسبة 0.4x) - ضغط بيعي
257,7010,اس تي سي,الاتصالات,43.26,-1.4,44.8,0.0,⚠️ تصريف/توزيع,0.0,0.0,0.1,0.0,0.0,9.9,⚠️ هيمنة حجم أيام النزول على الصعود (نسبة 0.3x) - ضغط بيعي
258,8310,أمانة للتأمين,التأمين,6.97,2.5,43.5,0.0,👀 متابعة,0.0,0.0,0.2,0.0,0.0,5.1,⚠️ هيمنة حجم أيام النزول على الصعود (نسبة 0.5x) - ضغط بيعي
259,8260,الخليجية العامة,التأمين,3.8,-0.5,42.4,0.0,⚠️ تصريف/توزيع,0.0,0.0,5.4,0.0,0.0,7.2,🕯️ شمعة انعكاسية صعودية (ذيل سفلي طويل + إغلاق قوي) خلال آخر 3 جلسات | ⚠️ هيمنة حجم أيام النزول على الصعود (نسبة 0.4x) - ضغط بيعي
260,8060,ولاء,التأمين,9.92,-3.1,40.7,0.0,👀 متابعة,2.3,0.0,1.7,0.0,0.0,4.4,⚠️ هيمنة حجم أيام النزول على الصعود (نسبة 0.5x) - ضغط بيعي
261,8180,الصقر للتأمين,التأمين,11.08,-3.8,40.8,0.0,⚠️ تصريف/توزيع,0.0,0.0,6.7,0.0,0.0,7.5,🕯️ شمعة انعكاسية صعودية (ذيل سفلي طويل + إغلاق قوي) خلال آخر 3 جلسات | ⚠️ هيمنة حجم أيام النزول على الصعود (نسبة 0.4x) - ضغط بيعي
262,4331,الجزيرة ريت,صناديق ريت,11.32,4.8,56.6,0.0,⚠️ تصريف/توزيع,0.0,2.6,0.0,0.0,5.0,15.0,📐 السعر أعلى من المتوسط المتحرك 50 يوم | ⚠️ تحذير تصريف: تدفق نقدي سلبي (CMF≈-0.32) رغم ارتفاع السعر مؤخراً
263,7040,قو للإتصالات,الاتصالات,85.15,-7.9,29.7,0.0,⚠️ تصريف/توزيع,0.0,0.0,2.4,0.0,0.0,7.5,⏳ تشبع بيع واضح: RSI عند 30 (بانتظار تأكيد الارتداد) | ⚠️ هيمنة حجم أيام النزول على الصعود (نسبة 0.4x) - ضغط بيعي
264,8240,تشب,التأمين,17.42,-7.8,31.1,0.0,⚠️ تصريف/توزيع,0.0,0.0,2.2,0.0,0.0,10.0,⚠️ هيمنة حجم أيام النزول على الصعود (نسبة 0.2x) - ضغط بيعي
265,2240,صناعات,المواد الأساسية,29.48,-14.3,22.5,0.0,⚠️ تصريف/توزيع,0.0,0.8,8.6,0.0,0.0,10.0,⏳ تشبع بيع واضح: RSI عند 23 (بانتظار تأكيد الارتداد) | 🕯️ شمعة انعكاسية صعودية (ذيل سفلي طويل + إغلاق قوي) خلال آخر 3 جلسات | ⚠️ هيمنة حجم أيام النزول على الصعود (نسبة 0.3x) - ضغط بيعي
266,4344,سدكو كابيتال ريت,صناديق ريت,7.84,-1.9,44.5,0.0,⚠️ تصريف/توزيع,1.8,0.2,5.1,0.0,0.0,10.0,🕯️ شمعة انعكاسية صعودية (ذيل سفلي طويل + إغلاق قوي) خلال آخر 3 جلسات | ⚠️ هيمنة حجم أيام النزول على الصعود (نسبة 0.2x) - ضغط بيعي
267,4342,جدوى ريت السعودية,صناديق ريت,10.47,-5.5,33.9,0.0,⚠️ تصريف/توزيع,0.0,5.5,4.4,0.0,0.0,10.0,🔊 تسارع نشاط التداول: متوسط 5 أيام أعلى من متوسط 20 يوماً بـ1.5x | 🔄 ارتداد من تشبع بيع: RSI عند 34 ويتجه للصعود | ⚠️ هيمنة حجم أيام النزول على الصعود (نسبة 0.2x) - ضغط بيعي
268,7201,بحر العرب,التطبيقات وخدمات التقنية,3.3,-2.9,39.7,0.0,⚠️ تصريف/توزيع,0.0,0.0,0.8,0.0,0.0,9.4,⚠️ هيمنة حجم أيام النزول على الصعود (نسبة 0.3x) - ضغط بيعي
269,7204,توبي,التطبيقات وخدمات التقنية,6.16,-4.9,37.0,0.0,⚠️ تصريف/توزيع,0.0,1.6,3.2,0.0,0.0,7.2,🔄 ارتداد من تشبع بيع: RSI عند 37 ويتجه للصعود | ⚠️ هيمنة حجم أيام النزول على الصعود (نسبة 0.4x) - ضغط بيعي
